outcome,L,peak,dur,mean_eta,sharp
0,26.725750205258098,6.001085856986363,21.89053924929439,5.5524252749767875,1.1804323407691861
0,0.0,4.2150361842374675,64.78020715640346,4.070127682864809,1.616630877393674
1,264.0573799555777,6.881529442775964,38.38072294119849,6.454702488879995,1.7118254732906788
1,374.56670725304707,7.249114947164652,51.6634422080872,6.671228292815814,2.9712963839729007
0,0.0,2.6836900415217766,8.29565059710375,2.463211438593834,0.49276872481135
0,0.0,5.66352092408828,52.191969086825786,5.404334039655922,1.736705881158736
0,0.0,3.245755622090038,56.90240906613795,3.1729481535697013,0.9215774823661875
0,6.268014100902825,4.541739655098419,16.584581079607986,4.133883645031209,1.0957581918658423
0,0.0,6.19869324045097,52.97878752068946,5.822604361934977,2.3286044631408287
0,0.0,3.2151395793435054,70.35045325196604,3.1302986310056826,1.3392865534368097
1,215.46876151007842,7.372067343638738,29.227725969365494,7.098889997763811,0.7905192955831749
1,356.03482687368296,7.229183505775178,49.24937697579576,6.827681646922002,1.9731462599576135
1,242.03896355143925,6.365649390839588,38.023510039114065,6.130083259183524,1.0228663007567607
0,3.7002758975096395,5.565061143887174,21.125302801691003,4.853901162656954,2.146589422789341
1,106.48456290660617,6.3904135011062255,14.87118618562293,5.434352073390182,2.5971932342738375
0,75.83867498042275,7.23881873873181,15.909496532069516,6.6650421109978675,0.9004050869176642
1,372.6324626951107,5.229554762477906,71.30426706473524,5.0194308393677005,2.06808643357845
0,10.87589635622047,3.99467914151641,22.961690951138365,3.8753141218150073,0.4989489453972217
0,11.434179363147948,5.932308714981997,29.162248233516884,5.291123805137944,2.3534447916228127
0,8.596802830276024,5.918507554280123,14.216907665375698,5.070264884623147,2.9145854120331562
1,384.1472273726427,5.451941620102733,70.46069064235807,5.313431024655149,1.2949477341896682
0,1.0199747581579623,4.875908457223445,43.93238648719926,4.508327338721861,2.3896431965241587
0,0.453592242852597,3.7510062428060347,5.38841493615741,3.4775186816352854,2.3577415093541605
1,271.3188103957235,4.101927680311601,66.14422084962843,4.0641794126674124,0.4371050931799876
1,366.1870946896015,6.160751674383204,59.43870654133153,6.018128429089216,0.9887010550125747
1,204.68571808509748,6.593399182913455,30.95460793343588,5.799816308370224,2.8651225596681185
1,342.12011739004765,4.478105340623426,76.40296180306417,4.351788443816337,1.5556433450824945
1,620.8308350104734,8.595069672262518,72.24053927870006,8.210055327800115,2.331195287359103
1,286.1451544960429,7.951196947665231,35.873461243016635,7.116572645001722,2.7991748980380153
0,0.0,3.7000947270278917,76.32036466863873,3.6286597306158406,1.052598041328371
0,0.0,4.748808243378638,52.22166371301526,4.381939024318894,2.926057842000108
0,0.0,5.220181207017852,8.80280414542029,4.525612311050293,0.9535613069358819
1,240.81253882687906,4.791777984332379,50.2834268987649,4.573627175837737,1.6459108867130245
0,0.0,3.3827562552590513,77.10131335523427,3.2837518406754707,1.611184091158925
0,5.162542780021424,5.525240337228459,9.63990636172806,4.708132923465667,1.4699437410947347
0,7.39057091907652,4.81424055237615,13.490371439391724,4.1225782894303205,2.7747226399807183
1,480.7159064527591,6.525024641440443,73.67265763255493,6.4598286451635865,0.5212958186801067
0,7.081317326142575,5.456620392596801,23.642732990673714,5.171930154743865,0.8875086693255131
0,0.0,6.456179597068664,17.450836478541277,5.540271373879808,2.1624716422750048
1,260.77759207384236,5.7453613154255825,45.37972849079334,5.30497256936789,2.510127247141552
0,0.0,5.179888228809961,48.07960611933545,5.106280875296866,0.5031846879934
0,8.192395538839635,7.10076406538672,8.803223447454592,6.04862686420446,1.280516216788568
1,484.15182115487494,7.4704003062572095,64.80936315247499,7.273918055090162,1.2156758272058341
0,0.0,2.2019947751230524,62.51443675536165,2.0698919511496814,2.6948138717449877
1,225.66965418358478,4.451071906738896,50.700069311944986,4.371942668415845,0.6502387618329131
1,450.9851930915436,6.910225928443498,65.26345243477462,6.727328649561841,1.2506373406249047
0,13.351640442515924,4.201722449114947,17.113424521024946,4.037789677273959,0.46942611022434005
1,501.5546802873049,6.611560665735484,75.86033973551307,6.444501484119323,1.3862310230566761
0,28.496924189022042,5.846995602878049,12.582422589099407,5.065559325474339,1.389520385101411
1,204.4373294266226,6.145834238841848,33.26403360565868,5.797047838549786,1.3664822772134877
1,141.35543741339058,4.753447402992346,29.738921246181057,4.401284056899065,1.5893068151593654
1,230.81834313913836,8.40040772815157,27.477040466787585,8.142141911154104,0.6016210881126074
0,24.68028785416839,6.283658525803863,14.80131843554575,5.924152873568964,0.6112820089015752
1,471.73531208586354,6.994620403329059,67.45957325015507,6.70352192066303,2.0118009952506837
1,264.18876318896884,7.958919031436597,33.15305127645978,7.220043513575714,2.2482920383109875
1,609.0470517298213,9.099545729425646,66.93250862765996,8.69270798641719,2.1529225751315493
0,0.0,1.2955929659785328,61.809492978665155,1.2696474334273844,0.8961793290731607
1,398.43835209743133,5.515175316803271,72.24400480693845,5.438026350542617,0.7269279455888399
1,516.8214880121211,8.75124384268822,59.072959385748305,8.139160716094214,2.991605029081416
1,267.85809976843956,7.732232577298273,34.62644114048277,7.09803760141712,2.0671956875855195
1,327.7754475832093,5.546388074379665,59.097141022603935,5.343757090899121,1.5564774635096255
1,402.2550640943024,5.894771698584287,68.32400873086198,5.679226232754595,1.8101616816424055
1,205.7116767586558,6.104370103155784,33.60956520487968,5.475974278811778,2.559665750871179
1,326.9308432059484,5.293111277785129,62.02799719926366,4.941720893139423,2.9816670327463757
1,412.8841390536863,5.576282966462836,74.04289587472708,5.5007742817237535,0.7207916771216933
0,0.0,3.4710960220041605,18.260566935267207,3.020951124239572,1.8948776279554496
1,466.845489548844,6.344578066426967,73.58208211699396,6.2305965742176035,0.9647066004000784
0,13.937786726154197,5.039593413069961,7.441874498389474,4.294206673481657,1.2159078366324678
0,0.0,2.603319219409089,9.258077179468756,2.3291068003021778,2.987940314515392
0,5.495936495897015,6.466787279190613,34.5582691043726,6.206194709060136,0.9906667023747188
0,0.0,3.345892554453424,18.22282785260954,2.8485460919809387,2.637236769189814
0,0.0,4.452554155780505,24.93986582711146,4.020749821607097,1.7700367201301486
1,295.4443035820902,6.534129129326211,45.21560596559509,6.248969391762545,1.4285706789667416
0,9.481311750123018,6.906098164158182,15.223154361352286,6.464369945585716,0.694298266033311
1,520.7473816720476,6.698322754827363,77.74306801866284,6.585715728665983,0.9403259345208504
0,3.452490195235647,5.320553454419379,8.039664492108237,4.525035516684849,1.2199121175293917
1,400.24067372258924,10.051765325391772,39.87975905731553,9.120688276566609,2.690228269859992
1,329.964553055213,5.681605542259015,58.07905820373372,5.329160083933588,2.6092026908807613
0,22.52834350980981,7.535444832411047,17.573054217405627,6.439800304993247,2.36696494580505
0,4.163464293396043,5.244190502345894,29.70755846538689,4.596136231024948,2.835272207296112
1,437.43148108062445,5.655776257524846,77.40707818134304,5.463975394350555,1.8959777607102355
1,364.4897550137998,6.3155912984136,57.713147419182356,6.001683762600152,2.0735718214609817
0,0.0,3.815792930343419,56.90908465887625,3.57717923584604,2.571143795971903
1,390.1009512078378,8.424810066343712,46.377498023966226,7.819702381779918,2.3998464248571456
0,1.5473190882517476,3.972377247061954,76.87625217464682,3.8558588518720898,1.6185414812959151
1,376.52188058516236,6.294914146199582,59.81366414924475,6.202541490307923,0.6203705263076478
0,33.70115547240341,6.756035545898759,7.970418356647389,5.76755245506394,1.5773310719466598
1,292.53017700198,5.910865191583096,49.49212948892342,5.748543016218234,0.9777119015908873
0,0.0,3.6770432203273136,39.07180640048538,3.3728702010821547,2.350745893821929
0,0.0,4.829603535361095,39.936213065299654,4.49445228859139,2.013002127722521
0,0.2343172217075166,4.595650946704389,35.4596542802837,4.2641019831021945,1.8516409910427418
0,0.8932496403998136,5.718605957690525,39.99658657395835,5.252022753845328,2.3641884339944146
0,6.464596705679657,6.0745811201297775,33.57219455996771,5.441826057123236,2.59629566175367
0,7.4620969354510205,6.253091010464275,7.579227518812875,5.325965521322913,1.4134758500927767
1,438.2719324076309,7.990183508559746,54.855416416516064,7.5540310014269645,2.161946243133065
1,180.08389639724737,6.682847613141111,26.948152635189974,6.283401515820742,1.1615976602897782
1,222.81158344954935,6.77650239415032,32.87206728698396,6.23438248001932,1.9117121227646652
0,5.896934592669906,5.319142795804355,25.017585653144963,4.613712347380353,2.6994363713136384
1,660.2832523895302,9.434790670559192,69.9918272664686,9.207453973757607,1.2137094228040066
0,0.0,4.178456318658685,67.10366879725913,3.9583026748076175,2.5517060444716164
0,9.661475162857851,3.4964106831122423,33.00172551344063,3.2300271572482546,1.8193113391091797
0,0.9594203112324019,4.063640590592547,62.788548615101035,4.014158952383567,0.5474411517676618
0,0.0,3.4141615654019115,9.68404346456774,2.940814367367642,2.1755744641584274
0,0.643967013701523,2.59114715417562,52.78726402909212,2.5179602838463824,1.0711506882018804
0,0.0,3.7445534458454075,20.237588118140387,3.1899204759985462,2.901332795526476
0,0.14493143533862335,5.365025405083813,10.060719542607032,4.560042417515866,1.49959957354391
0,5.713338515833642,5.870034846167323,15.269892689999947,5.2286609041613,1.235712645044083
1,307.5146001722712,5.670691760949423,54.22878244452025,5.377701374769016,2.0143576295915486
0,31.69424045300561,6.416229108168226,24.27563012957601,5.859932040094978,1.537815613286774
1,259.1232083798386,4.89034027406529,52.986744191124686,4.793428424551818,0.7528577129570473
1,440.8305560645324,5.715556451835589,77.12819561595818,5.66677684575788,0.46705736074820003
0,0.6283100864693952,3.732284349235024,6.13045838978125,3.2630879104588293,1.5912503734101673
0,7.918366359054438,6.645605727342686,18.80504161076829,5.769285545990981,2.0045349659793064
0,14.137312762325552,6.208821081284343,17.068621564039034,5.281914650246783,2.801906585317404
1,302.3544400862733,5.532962316848083,54.74813963682435,5.258159984391787,1.960903974146424
1,497.98069522186523,6.968196806789774,71.4647862323062,6.874634615095283,0.6973285650774903
1,566.6511381739333,7.6965160741614635,73.63210600009583,7.267192468911355,2.9735040535773445
1,175.05797997897656,3.6645896800870936,47.761132610969966,3.3606693381910278,2.8762995695037947
0,2.346730557955663,5.532878525328811,6.399715616090415,5.007458818947143,2.282728392544284
1,292.9046534227801,4.749975466172056,61.66445718877245,4.614310563950596,1.2753799557773822
0,0.605825615480417,4.608465248387448,27.793852175895392,4.249813037549032,1.5635408829735575
1,376.23724436323704,6.714333184708267,56.03466350799268,6.278757564154006,2.6190815790518327
0,26.006813200582023,7.045205651197448,23.410688841436915,6.725242257326404,0.7704485349825185
0,0.0,4.802127724131782,25.06863610403979,4.145039943549871,2.8419715617256887
1,442.1159880273788,6.685795899354729,66.12769019058743,6.585787069137493,0.7057340291658727
1,395.62512751526174,5.775834215748053,68.49662104885331,5.705330592269807,0.619436130977818
0,18.814166548698104,6.550560067411244,28.459767991030105,5.91294734267325,2.0351500865806997
1,471.6769853044806,7.631225809512618,61.829795236424104,7.278871083675005,2.052752803181536
1,483.02777622236937,8.417766625595767,57.38195725544155,8.130303349541974,1.407471119466964
0,18.19962206881062,5.509735950688117,20.355398632160018,4.7599889365613395,2.300098755246673
1,255.04023413998252,6.606333795191507,38.605407721205545,6.3302943114871555,1.1488170893846386
1,174.4860338775412,6.887714867883992,25.332967197845058,6.565351873510393,0.8497196929718394
0,0.0,4.358823565121301,60.40778833133629,4.079295064332218,2.7985721832875994
0,4.364900537467046,6.459735269284959,10.633140405277587,5.86522658402769,0.7246733941656915
0,13.00168469990417,5.474453983019077,9.993555858061516,4.674451084013454,1.9465141551086695
1,442.2707406731733,10.029466308744636,44.12900783742316,9.598979313085927,1.3594123481325664
1,380.8811810294218,5.776017331875622,65.9482088991626,5.579148075018021,1.6208461785957842
0,0.0,2.7087004685970197,8.12915439840273,2.3029582516098115,1.4197221685539385
1,488.37517905577795,6.382605607228189,76.51817120438002,6.16285938265312,1.9064596931185847
1,328.51223848143684,5.348913414984404,61.41833852311371,5.116373695154169,1.9321406239146683
1,261.2579904234248,5.365725490598652,48.70446906760957,5.109920365498988,1.676433202488167
0,0.4119824845426935,5.156579985770992,15.131577010834228,4.437992924795225,1.816859240258815
1,319.3281512394876,9.701222934490886,32.92103080025827,8.967079725707817,1.8084161489764847
1,476.3888557377649,7.208295528152013,66.34147949335748,6.788320041043113,2.802035256976711
1,529.8747890325509,7.231721708665027,73.27090427133784,7.1598338176125145,0.5151117611281011
1,535.7658152114442,7.228426941322976,74.11928204642004,7.148215136854445,0.5824504282907619
1,329.27027236464244,5.405650605951722,60.91259622456478,5.216960274694743,1.5379837002235748
1,395.78107237990275,6.456022984187653,61.30416099032924,6.353681029265863,0.7024953659904096
0,0.0,2.225585766785246,5.954108689625045,2.0663233593145582,2.665302400443557
1,285.10452399163216,6.616455887944184,43.090217618347,6.439068677761349,0.8300341956492288
0,8.228280549160386,5.868515861416949,21.2408575332529,5.584628242201757,0.7382730423156618
0,40.4082139050724,9.32196067907454,26.06591484742536,9.082623394389838,0.4881687261611826
1,303.3491230081507,8.587237905661834,35.34113250698424,7.799236887405492,2.3629333892165354
0,0.0,5.193589417455511,28.289722862941673,4.624480590625201,2.3135054980303855
1,294.54801757730644,5.873060983970267,50.18543217506122,5.414346510397081,2.832536319332683
0,0.0,4.804312803238861,14.878197321407628,4.103249327228482,2.9289109229793118
0,5.794309708264593,4.779544830422598,12.7320620414176,4.443565100663396,0.6409140102196444
1,353.5077486320945,4.793744864501402,73.86554308101518,4.613656461384138,1.9901901046073291
0,0.0,3.16650736815575,47.29884116510104,2.9516816951367115,2.3167292068071474
0,0.0,4.343748749537429,65.96415640645499,4.2100972089454265,1.4688417659518902
0,23.05122309897826,6.663896760383532,24.953138372295044,6.084649962849433,1.5776395046995022
1,350.31465520155484,4.639025658005685,75.51570908632297,4.514090766589277,1.4553170037248448
0,0.062344873589497314,2.440728929854994,37.46029489306924,2.3705408494551534,0.7635258806671998
1,395.2514756438137,7.1367713549732255,55.391798596864895,6.692460340683377,2.486072175570915
1,186.93645628090587,6.698852646168753,27.794374336371174,5.938175750216976,2.3777963864058416
0,0.0,3.5543447876717638,18.99278760275743,3.3781814625809496,0.6766923902240611
1,289.53405324932976,5.493682871302796,52.703088263897364,5.42321981113087,0.4885990765207483
1,217.43083386106758,6.987472795306721,31.116117642904094,6.376093305677154,1.9848288659082476
0,0.0,3.080805356816829,11.002195683265933,2.693167493165914,2.9212841527659923
1,406.97757743847666,5.128157317932436,79.36242196456857,5.025962091947684,1.14514679321005
0,0.0,1.825405320356202,8.17623717926724,1.5693517824112568,1.755078578945577
0,0.0,2.8068563492890886,29.59314575981046,2.752489637987594,0.41113844058239934
0,6.370398747856737,4.39968864228266,20.186090867712345,4.018545067198247,1.266506982173161
1,323.97386081833696,8.607021495498067,37.64064721840184,8.315681249451625,0.9326995976645297
1,378.35651870570445,4.917285264333467,77.056222929158,4.675608741662452,2.7339944496049213
0,1.8535532578371507,5.553200238859196,7.094941261827053,4.738998473456038,0.9698966116596862
0,4.207567677821788,5.4920723537497205,12.533213319346011,5.0041964921197355,0.8049839969448205
0,17.97286811705265,6.135563877716473,11.490460280004687,5.2688261541170975,2.4694193570625895
0,7.796272916403204,6.4180940707676255,12.5285519302944,5.6927505321691365,1.0767957737580904
1,362.2751737418328,6.828370134547661,53.05447689578558,6.516585679689307,1.7489283049418853
0,6.313038465880774,5.788674914553197,14.681078817341401,4.930434404377971,2.201986519939968
0,1.9996383399653037,4.2593670028210795,18.27918332502353,4.098275125393419,0.49178576310775407
1,286.2276452668898,4.091766325625679,69.95572457068002,3.9746285028516306,1.446580384102599
1,280.09687705362944,7.332358417996085,38.2035851906664,7.088214221889388,0.9188429183152699
1,570.7301123085367,7.899530275436626,72.24861431655864,7.713998647637682,1.223573217350221
0,11.80961036206328,6.4987534629433155,12.238664474298382,6.125615683370699,0.5193013407090663
0,0.0,2.1589953852924095,43.34415862783506,2.0407539447184533,1.7106717077776308
0,37.04132878258352,7.863476874939767,14.372575870534732,7.256262761942476,0.7944738254618815
1,338.1437760184436,5.660608580702021,59.737259592460404,5.412924773319676,1.8977517941668705
0,7.251700293340413,4.018661700496623,57.38631934217371,3.9319913308042853,0.9052830009663382
0,14.062734963510817,6.988355295360455,9.271161583917932,5.936165028984904,1.514827557611397
0,0.0,3.4269843143426897,6.375210344459566,3.016962642813331,1.8041774532754453
1,332.110265000412,6.120662067360811,54.26052603154265,5.988302249358329,0.8500240040957672
1,254.632524063331,6.378319809565821,39.90425944436156,5.800681753411821,2.6350034351714235
0,0.0,4.514452742107751,58.99735958929814,4.379803363578163,1.2684294887471634
0,0.0,2.482419805196714,65.54409707320679,2.38734661285199,1.8087984796153562
0,16.049285909787056,5.8443630390574866,24.378402308800215,5.195836143834798,2.0201562644676176
0,0.0,1.9329029690371267,78.55820776611432,1.8404906427276706,2.7120271653296757
0,0.0,4.2073294933911285,20.204240197187477,3.5981037743362116,2.6595293686353454
1,261.6406931340214,5.9519259760032845,43.96012779528159,5.735658594163455,1.155611727824171
1,447.4797504471881,6.032329755242643,74.1802535014635,5.946846896630563,0.7688588530050602
0,15.1866113662416,5.486409860784365,19.146989531025525,4.789232755457941,1.9166499384775384
1,289.5312424685676,5.279262662306702,54.84415844017005,5.125177077270049,1.15272656934243
0,3.9137398155634417,5.183764448302517,23.476677539589147,4.542686183718428,2.268531668820897
1,205.97904784000167,4.804677656221923,42.88713027772963,4.393003746177421,2.6807597008548267
1,434.9741581515969,5.484831082125809,79.30493256562863,5.4393850476386305,0.47567370713775414
0,4.621424453055009,4.691887552745032,17.104841042508788,4.330522418207525,0.9547471507539151
0,0.0,2.852517855091469,28.87411611450223,2.757855870285479,0.6824891179041087
0,0.868631218592234,3.9814349619409124,15.330658088190745,3.426244468792447,1.8089694068433402
0,11.36096101562579,5.891751307522441,34.25340495658931,5.480433682475547,1.7283063881829714
0,0.0,4.247938108526035,59.8443741433441,4.142636069914301,1.0681501708817054
1,329.6819191413295,9.122852757080832,36.1181394291076,8.284850629106007,2.426245924947108
0,0.0,4.571544557068124,43.72550150835113,4.185778241898082,2.670315860259187
1,596.1332891047466,8.061056696806936,73.95287248118338,7.8765088003888515,1.222301481896932
1,344.0589308412615,4.521323383495462,76.09695251996496,4.481861086616689,0.4780916055813456
0,0.0,3.9880258541289737,42.27731141106926,3.9201423309341945,0.5286270433553649
0,12.573233308946557,4.857795827371434,27.852508740967288,4.390038017976448,1.9657512397270724
1,361.0360408566782,7.564648175658048,47.726745841078184,7.471595549917387,0.4153378409167733
0,0.0,3.117437639744817,70.23708317143596,2.988177518918782,2.0965135116940945
1,403.19086343132324,5.59124323560477,72.11112937135326,5.52364249376757,0.6151738083302437
0,0.0,2.107530066191428,16.059750474657342,1.827767830161103,1.7349285187146353
1,301.89698437791844,4.358708022309379,69.26295196482661,4.310828389361203,0.5534004353343832
1,606.5911979228549,9.671803726815497,62.717484259744595,9.52979044082126,0.6528777213799639
1,520.201428222575,7.4110175325328065,70.19298307405164,7.332875741085107,0.5489692908197316
0,1.6234159911424584,5.003558434028551,29.358715964913113,4.5510818835762485,1.9374180937863184
0,15.229252960002462,5.902535446492606,19.50788600165373,5.348339269914437,1.3412065429069435
1,428.3887166292698,6.908500065697649,62.01394226467536,6.584405576852638,2.1031540187393545
1,523.0749495456996,7.366410424733189,71.01247981446342,7.085843005652194,1.955166749177982
1,249.1918672602294,5.119503705342805,48.68187074142246,4.83782438851231,1.9265294982620889
1,234.10597421236346,4.592313008009116,51.01354332325181,4.255991319529034,2.7046156147278055
1,327.2511224345341,7.893767907157099,41.39795683739894,7.13714692882866,2.9051595343002465
1,450.52163210619335,6.573320121459633,68.55471942818185,6.309747937364057,1.984452552083427
0,0.0,4.3344762392621226,9.944328660531788,3.833099782325615,2.9093929685160913
1,435.1470290534125,6.094408345577139,71.42558379585059,5.900541218374331,1.6476114720470525
0,0.0,4.4681067848809874,73.65235863262528,4.259403928448749,2.4824175606099765
1,405.33402535906384,5.117129697072021,79.21120811130713,5.061429816560506,0.6259343894938332
1,149.767474925875,6.066800122394117,24.628837986961155,5.448319649445323,1.8454270410889522
0,7.931319538481138,4.931889546988392,20.50309074940746,4.726148172327831,0.618064526540645
0,0.0,2.061334261958921,72.02235698750681,1.949163065283817,2.834605301336696
1,454.516486812061,5.890057532079411,77.19222811788964,5.637426143014163,2.3857290061398166
0,0.0,4.460796840074076,77.57899746696725,4.281289261278387,2.26157050597864
0,0.0,4.470464044744347,12.428289943951366,3.807344644379699,2.2914068348602172
1,269.5828457532619,5.737753644951449,46.983914384657766,5.439519308632443,1.75652409504923
1,370.29490374034305,5.044993814079566,73.39848566668073,4.916674661700153,1.3461504238285895
0,0.0,4.397020247850367,18.935744255485346,4.259211704586297,0.42334451430070863
1,339.4752868575752,5.659280956987854,59.985586408889134,5.59180102800943,0.5109201728644013
1,426.9951037947825,7.090583225605203,60.2254011175221,6.7476813433665646,2.109263786682019
0,0.0,3.3753346055940887,72.3121020346652,3.3278577266507035,0.7203733031056048
0,13.973783123359986,7.144210050658156,17.8672593407232,6.355143403563819,1.466056948101171
1,392.21738906506556,6.5122917172577885,60.22724561341953,6.318336510558347,1.30315776445306
0,9.83289513687505,4.830991517457008,6.276203525865661,4.407807084786324,2.414166954894245
1,271.0554998700186,5.308401153420032,51.081967249274605,4.881159713380344,2.972795742486816
1,287.98695260351315,7.19878933553957,40.00484655636981,6.8314711763153095,1.4741119723193523
0,0.0,1.5762081840012168,23.157525668691303,1.502279086826045,0.7860133049113864
1,558.7484397115426,8.145963839082043,68.59206157682743,7.935275190684197,1.2940793460037192
0,0.0,3.7806608269774853,46.6036797021625,3.6061177891927962,1.5532524088685538
1,396.1397761719361,5.1228248784009525,77.4038997084301,4.927436535796588,2.130907141440078
0,36.69325630177297,6.576752554012501,29.467905232715147,5.901435485025248,2.240923891834702
0,16.994851351786135,5.905776494271663,20.084321899183067,5.675780138640517,0.5590144816848114
1,191.85186065465922,6.5782127010768825,29.10737119328678,5.929443307585965,2.111249814470856
1,436.81147718096446,8.516490429349574,51.290324276156866,8.156168020341871,1.5621590927664366
0,0.0,3.3259944261277923,60.903494726769225,3.22411773929085,1.3468682400419236
1,609.0652334615129,8.217296129477548,74.13328322510903,7.800336039625761,2.708162335793722
1,323.099211048008,5.639945177246039,57.28987838948592,5.450238896345278,1.386653117687509
1,507.84975196369544,8.896759194171931,57.086243283366585,8.454576580904579,2.0584969667307815
1,232.13617684693682,7.5056220124876045,30.904049427439762,6.84510156753363,1.979586443119259
0,7.601708436517014,4.914367359941215,42.40898168287867,4.758725922443484,0.9719166569374722
1,460.6681154143046,6.396915062264766,72.01412282057395,6.2347209651120465,1.3219527178093058
1,616.3750264661677,8.576064053742282,71.87159923476133,8.45848288790957,0.718387722447803
0,29.2962525620845,7.58994197046142,28.906069153557212,7.184571122507666,1.1157255765777858
0,0.0,4.22697140417624,64.30396099757937,4.157391671616868,0.7648866504712484
1,505.32984138972137,7.589227386947162,66.62827304476147,7.218512919685482,2.3406965718489463
1,485.3825773754616,6.110665176581752,79.43237086422258,5.897801092246361,1.9900687613845571
0,0.0,2.665358051679763,53.35491505702818,2.5979378458798026,0.975221631012826
1,265.68516970559114,9.611652263402338,27.638534981051748,8.922835689407757,1.4275435684103073
1,350.82065680671076,5.411403710325846,64.82989022049671,5.296013479085088,1.0075029513076794
0,9.059337880251276,6.586538393067178,19.145431185002685,5.9114125689946375,1.4475376630971573
1,279.4994185652686,7.039080149879757,39.708682723560145,6.791643291530823,1.0097555519120482
1,369.70533563894674,5.438284356391809,67.98217759713462,5.206595083877952,2.0833539690510317
1,448.6778632751962,7.353752501923126,61.014993947070295,6.984775966624045,2.2133276895153666
1,338.2276837755146,7.722547005861017,43.797432753914855,7.409855804728055,1.2783939281314392
1,232.74730611844384,7.127546380915893,32.6538123573617,6.675495526619587,1.495942433128422
1,730.7080816899017,9.27253883127577,78.80345354200612,9.115098788667886,0.9663459020751237
1,454.7466285094638,5.9618286002181256,76.27636738648573,5.893380487540807,0.6233927831647188
1,399.6492878821038,6.165489796283134,64.82080152709787,5.960244870280506,1.546718674739163
1,233.89973902174316,8.335596464415099,28.06147473454984,7.8455597531709875,1.1939781219238412
1,576.5659815928507,7.6384037582113145,75.48253383684823,7.5308885306933835,0.7603140539071755
1,331.49062796347454,8.938528333133641,37.085593448152075,8.637518943597382,0.9128247841605137
0,0.0,3.76219879134028,35.536128627035104,3.3622598489617497,2.8016464329249593
0,25.985161281333937,7.2688042679107365,16.952789306767766,6.970967540421935,0.5019267053706358
0,21.4625108234514,6.429559702570155,12.634373611777718,5.465418978345203,2.095565904656085
0,0.0,3.3933451138811925,24.250946620361738,2.9621701406136465,2.4294507750685246
0,0.0,3.443188706430682,55.69864333915111,3.188822880403651,2.9741174501070913
0,41.445598651970975,7.532765245076944,22.57157179094213,7.227846399689474,0.6662372565686705
0,0.0,4.818728315320932,60.864852309296865,4.5302778255976355,2.61772001333828
1,239.88177186968306,6.3042145767203595,38.051112047084416,6.037222046486831,1.1628592749309852
0,46.051349255723075,6.836849737013872,25.74311155577869,6.235282999739101,1.6454676613923063
0,2.3288963228007655,4.7059882402780495,12.894657759217509,4.270234179750162,0.869957517578448
0,0.0,4.302954918117326,79.49883472768028,4.13964412227791,2.176098067542633
1,377.15426319401854,5.074379405638111,74.32550575816751,4.889350801400483,1.9467717474628623
1,304.89397117269755,4.367214953075138,69.81429714522523,4.25610307062099,1.2861615503025392
1,517.0241602737228,7.517263363474363,68.83909011402434,7.210325549895702,2.023920142976402
1,563.6635264932896,8.716904530985166,64.67819150189868,8.319643550321585,2.1191365483705953
1,415.2349892016863,7.338715041300235,56.5815791203176,7.057521227318523,1.5743971869647604
1,406.44947835467775,6.912574514743782,58.80076046880941,6.620801983999919,1.7905510866280614
0,8.423746044116701,7.290483135568119,19.308322337741373,6.802206100115419,0.9204855962232946
1,447.83122565202,6.758029639876955,66.2665376620808,6.691949390230545,0.45553584377088663
1,166.89381132330237,4.401590849395292,37.91670791474611,4.226264591449051,1.095024913247137
1,456.4954478137202,6.833459700607946,66.80297715673811,6.658218654798927,1.2368122957840098
1,289.4142987847846,5.339890350103378,54.265670828504966,4.981952711216432,2.631204365294213
1,502.19734699752905,7.3667026675484655,68.17196522301019,7.125750055971422,1.599005755383053
1,362.04366926437086,5.793994452255316,62.5360115263122,5.464353958734374,2.5624430089069534
1,223.6327482853131,5.624702691513388,39.74647790516991,5.0685978069059185,2.8864359046009835
0,9.771601106688276,4.322674007302133,55.79203673602329,4.2039079600257745,1.1030169957526854
0,0.0,1.2207084501129752,25.706380491667232,1.1798349461728475,0.6061308270283232
0,0.0,3.446050056859584,5.42800054673498,2.9415563499630593,0.998035109769457
1,309.61888170092897,6.598693272894499,46.92124204213101,6.405961516408674,0.9788055802129011
0,21.89122217685502,5.999975531268176,17.076372417812156,5.5298309439854565,0.9611819359886747
1,232.43673563461516,6.013307132704125,38.65379565478294,5.766330076471284,1.1464075906479037
1,295.4937775911707,5.746198823503268,51.427322973417006,5.485339157032307,1.6930598072527152
1,294.42402348933143,7.4761072207880686,39.37735704621606,6.883086280635348,2.2546910907544397
1,333.15409975096657,6.038076023926893,55.17614224812888,5.694283605456366,2.274936293847617
1,164.39672657353302,6.754823174088736,24.33768139975297,6.479169268908238,0.7123425791340849
1,347.1202967409716,5.680910721473631,61.1077005258456,5.369839788058467,2.416428822851654
0,4.466336928281952,5.762001391687954,7.697722984809026,4.962748721508035,0.902758687329001
0,20.391112789794523,5.585925544568243,45.415391990587764,5.366110384288907,1.2942745314343918
0,11.055712671777842,5.233952859346419,23.475578704335753,4.588342472447969,2.2383789614389227
0,0.0,4.467891906861916,75.9612751105515,4.3132897929791625,1.89984601159947
1,287.39312492383266,6.556588882002222,43.83272514106082,6.342240940372964,1.0446920256066226
0,13.877436856596042,6.240977115744111,37.80830375200846,6.127131116499634,0.500441405711467
1,340.67882195840326,4.352953640201752,78.27725272003215,4.262639562130614,1.1636732454935634
1,405.5226173494833,5.61487035982657,72.56629623506241,5.311608969123423,2.832709295694217
0,6.21564056803793,4.3524217802497835,17.541274430681376,3.7445612114202946,2.1203176507279333
0,0.0,4.582487654387213,6.311780683247854,3.899887329804232,0.9969532741744822
0,11.016506322138314,6.377643129087933,38.69501072502604,5.792990161623796,2.5858697719528787
0,0.0,5.771292993349478,79.45869662066252,5.6699976849315155,0.9915938858862733
0,9.309124320085019,4.885696785267804,16.506301429927465,4.155955671068171,2.583206530868221
1,264.0412809721986,3.7121419471825243,71.12938740544877,3.644814859310763,0.9234331499069237
0,0.5108129520572774,4.542270638803218,11.96195413845169,3.864044480876725,1.9239672764856248
1,347.34598978066714,8.741833094117034,39.73322354928757,8.22418495356147,1.6922816545863282
0,0.0,2.8793013778437597,17.067818036865482,2.607488776681363,1.1678073711069938
1,83.74246393842832,6.170228777772205,13.552839411172531,5.589088352083988,0.9340928908410915
1,173.43869160987177,5.256209931928346,33.00372667405236,4.880580045375084,1.705255290077984
1,263.0541425450178,7.0618651400028245,37.249430040095135,6.64817129472509,1.574256302930781
0,0.0,6.750814478400409,10.14948021190989,5.9419219907348895,0.9328629659583779
1,497.6034453680285,6.611016832542175,75.27159649188364,6.431513332771126,1.4645828411998458
0,6.578329800804832,8.026767168596436,12.725268958834246,6.9446236583486245,1.4245215422589501
1,412.90710458330017,6.156407796543609,67.06948569521612,6.029179424651244,1.0065820290417093
1,552.3251372340018,7.169323216785494,77.0400667911925,7.114511401427241,0.42128735249490074
1,304.0956260335779,7.166868013843718,42.430854502273974,7.029409244220257,0.597729493015178
1,327.3168638859255,4.807610966958244,68.11730556759571,4.566318999686836,2.471829854333246
1,383.80434443134766,7.453686789228123,51.49188023407686,7.189330971792116,1.314635785972511
0,0.0,3.750604284267717,11.471894184332072,3.241883656297059,2.6563062966623097
1,132.95110018329416,4.671645237857955,28.114525183948587,4.082487709731435,2.789889780222733
1,244.66994593887404,7.989628429556974,30.688781581447284,6.995486589372813,2.9725630803179177
0,8.899467924408274,6.423009377796632,5.503563215122405,5.51331551832586,1.167164213231012
1,502.62575254753085,7.436193366671444,67.59180776556964,7.318031673750102,0.7719343116642376
1,237.4403565677165,8.475316997875742,28.013026040675697,7.891033726111818,1.3988019878169884
1,291.81513915054325,4.015412648808076,72.8302254827965,3.808011391914957,2.707302782531953
0,55.03402318570248,8.070037242762469,26.05870449515264,7.5099433247963265,1.308970953759148
1,517.5640689381561,6.820582680659067,75.88268666087691,6.673586463364958,1.1737440640384837
0,0.0,4.082138858164269,65.50157811585116,3.8581447398063875,2.5773539006043484
0,0.0,3.4792417185697952,25.876500104642382,3.157353193965781,1.756058280358869
0,0.0,1.8639203941769673,58.97602783601204,1.7574012786952578,2.4239618473572326
1,157.3786246161252,5.804301902490486,26.915016216535548,5.092181859843879,2.564271163322489
0,17.51679186553909,6.35419528117931,39.71318635502681,5.786835125383308,2.569973211206549
1,321.9513136698297,8.009539161725304,40.15035883542865,7.263624406117213,2.7310431239368533
0,2.9594994685033225,6.197556326095884,50.452990779100105,5.891936844218671,1.7957474026307207
0,0.0,2.300757268554504,7.810585964520278,2.0862972674939595,2.8551274914649754
1,236.73296173004107,6.314603683039877,37.47238163125722,5.792398252150712,2.2542957305490723
0,0.0,5.220850155759578,66.68531096070782,4.981067061297313,2.2044996442633042
1,497.56832984137134,7.059327149786243,70.48382209150083,6.874851477242958,1.323132864483783
1,148.55975689397727,6.646700220360549,22.366804570548286,6.124381324351456,1.2619944947489476
1,419.43592616065246,8.808714514380531,47.61607143875719,8.517747152238568,1.1399772026100523
1,399.05885544300094,8.02311017020934,49.7391516129761,7.6871154624032325,1.498969339107703
1,303.149918223371,6.9057412678977945,43.929647304451436,6.431752920726748,2.1867878797432088
0,5.088066714219963,5.004980066500636,23.40029152249967,4.363337895535514,2.3771200348809094
0,11.320906958519739,7.216786820861353,11.66830200537834,6.134444332056711,1.7717560708930487
0,0.0,3.7010096894407734,50.17338795508489,3.5576822870199774,1.4093928337660904
1,514.9709485410574,7.682476111960216,67.03259048036006,7.313502879195439,2.316708275166166
0,0.0,4.744672944315216,39.77124890149646,4.355684852941487,2.3546924736481922
0,0.14110111840144882,5.133067885465121,7.638515642926571,4.365370051913318,1.1569290199558881
0,0.0,3.5905884996934696,66.73058032776885,3.514110486959998,1.035815552365233
0,0.0,5.062349323435632,71.00524953557431,4.79699899859177,2.6866143818499646
0,11.201888994610485,5.986949457161096,33.960764968125275,5.406474798546481,2.4177088502452793
0,20.42225639357215,6.612281192190808,14.571556697638865,6.085328967399458,0.8320957880879851
1,244.66541779945814,5.786742924694634,42.28033300879723,5.637657622146383,0.779042142779458
0,1.885420841900271,5.819028381988938,24.4828731239263,5.072561611220217,2.481520187272102
0,24.580880034194454,6.550318477324736,32.554658155864686,6.116598609364289,1.557654967631993
0,19.28228421634582,7.219014009302108,17.146223125073185,6.434202076668281,1.3896194402204332
1,412.6117769082398,7.662034880136679,53.855488388866895,7.084837123639101,2.935672715325852
1,239.4661489819022,6.241702849549578,38.33350173997108,5.689764723094078,2.477072721926914
0,3.118980384203769,4.656483825285522,49.90997703792983,4.432639527276218,1.717657375985254
0,3.8503923125620014,4.809555358275339,6.390930884387469,4.087988184926404,1.0194664842895456
0,8.757044419047533,6.487199684075784,6.792127813573458,5.517444223220242,1.1767372135550151
0,6.2864807014079735,3.2031220439381816,33.74647368281454,3.0750051247570713,0.972451990659544
1,182.88349425865488,8.172207541490248,22.36848233084985,7.342535231762434,1.6807258957883993
0,0.0,4.670471504115874,44.09143063060719,4.3469850971216015,2.202885232105413
0,10.568754971653417,5.862652362335944,20.0691514415416,5.034747889619138,2.435041794025082
1,425.8948198706245,5.871351872135717,72.56147769867297,5.715441569301282,1.3938542826632863
0,4.497469076169787,4.514268520825103,66.35579144094518,4.323363638737858,2.026121474295168
1,231.18811921590554,7.284393037206234,31.737458156641093,7.093220565831196,0.5965281182396331
1,364.37864748387676,5.839475099167928,62.39921531241313,5.746262655399142,0.7182360557370616
1,266.9986728765202,6.175635186101824,43.23423779038154,5.987227202950788,0.9461225233432421
0,0.0,2.8687364183250716,7.925180072522512,2.566632745285519,2.5769901948909655
0,32.788784936932586,7.417788137423642,22.545184823497696,7.025032453867299,0.8756726123203606
1,457.33773516213074,7.173184367919406,63.94839503310554,6.841054595484381,2.1353214510984397
1,356.87676366045247,6.431622931568759,55.48782663296108,6.235717229362256,1.2150809613548965
0,0.0,2.634255735574913,13.6253267288069,2.2427687261799165,2.078805432404534
1,350.5601863007903,8.244443030724046,42.51790303316283,7.672335656186509,2.120855819018095
0,1.3153683075688136,3.2481427371991454,57.3871091225572,3.19275076509649,0.7014384286717585
0,1.3937624676616585,6.053374447536586,12.949298768742686,5.147510966919429,2.0959020112844717
0,6.148916054893603,5.112687157146379,20.570075080810454,4.530582532402082,1.7562322889772046
1,300.23559952452314,4.127837439495714,73.15437448085541,3.895214030485825,2.9756839436360156
1,484.73116696607104,9.00410074825323,53.834489789114336,8.73597075968005,1.1511519380771316
1,353.4786901068539,8.621852818032854,40.9979965774004,8.48784543896256,0.45887805620575595
0,0.0,3.5185198277400955,60.935847516061166,3.342212962768861,2.1980483334311
1,181.25514083838544,6.007769582659874,30.16141077891601,5.533943657631053,1.7101355770283493
0,0.0,2.8768030604633594,9.949808112896338,2.595128311466642,0.7150457418041505
0,5.483804444847017,3.5082263511033718,48.356416000222175,3.317601800707198,1.8976244939785296
1,225.81329366972247,5.3447388029232155,42.25295049397775,5.060599339448476,1.6213963110478677
0,1.0647933736427801,5.449113227050651,11.642029152609599,4.897511710991122,0.8660298406434044
1,267.3053110027355,6.976124175060396,38.31716642291042,6.80487585089126,0.6672050266974271
1,245.45630129339668,4.685386489371718,52.38776911289676,4.514661526486341,1.372902883237248
0,16.443259818055168,5.390118751072953,30.921965567994697,5.132769745890302,1.07215090154124
0,53.404332405653165,7.783745825920169,24.480611244188577,6.8174217640842265,2.358870216147399
0,0.0,4.327145903072578,30.450639037323203,3.8391537440386054,2.584877333475816
1,317.4777827349045,5.832227648746812,54.43434986126137,5.451257760043308,2.561806208537422
1,514.7554724620354,6.5164525969784695,79.143921968991,6.233089689017776,2.480549199523442
1,399.5039842784974,6.4222375173000446,62.206354616378256,6.309920317606885,0.7870196887354619
1,497.12903735799006,8.09077620134635,61.44393312267903,7.786958014344435,1.6623567797559962
1,412.15326466049487,7.919673106397868,52.20899558508422,7.413525372376515,2.4111543545903396
0,6.5000257303014095,6.522563241235969,27.26563456644216,5.674104631051342,2.8436950718532876
1,249.78204459478428,4.323255035456531,57.77683033674916,4.093228793548612,2.226338101153397
0,0.0,4.716127110509986,32.5272398941775,4.203194950892186,2.649650479090789
0,13.652589738014841,6.840056552447347,25.663349242669526,6.517248318817981,0.8780289670620627
0,31.963353962801666,6.878054723117023,23.170910684769147,6.604089695715939,0.6560895166946891
1,341.22047015462124,8.307324469006941,41.19951960679694,7.757814236253026,1.9672961683238501
1,422.7395371002832,5.312586716679101,79.57526827367614,5.070205344727714,2.6107990498729405
0,11.004189947104633,6.430682060276578,17.798325513325977,5.655121347519344,1.650300829714371
0,0.0,3.569469686305852,9.751414672849773,3.143140620031144,2.74143849681694
0,0.0,4.391991671212788,45.78446031606363,4.097672469641778,2.2103112349209724
0,2.6234614689057953,3.0752102877053122,27.26450755975746,2.993193824541499,0.5295337909549492
1,362.3237088678186,6.112615769680919,59.56012929927657,5.764399794273145,2.4511739022860413
1,296.5106903254309,5.386231254414552,55.10339188434232,5.082842884958342,2.240346968702121
1,245.06202093653212,3.5022065990118727,69.97366372439771,3.3717297647341966,1.8883907908705835
1,411.7333309257818,7.711917748537775,53.38566697291796,7.168864595075723,2.7268025394035633
0,6.121439846682117,4.756736595077353,44.77618140155816,4.654318553422832,0.6872282825911444
0,8.204915258032925,4.956690772558461,33.7032735010536,4.773762282374924,0.898304531329545
1,501.48266311831264,7.247239551020386,69.21828317027142,6.928438546790855,2.185976168607858
1,427.5040638881216,7.824471398759746,54.86136685482932,7.363259085901423,2.336889641625015
0,21.309317086922498,7.019193446669424,11.29538422879373,6.025332440491108,2.409285181991259
0,0.0,2.564554701512939,45.009349080534825,2.5146409060126023,0.635101807959008
0,75.51517036139262,8.901437823250639,12.166680911650165,7.598293244519333,1.6843377998031324
0,68.43406812010831,9.391624243601466,22.60156790163945,8.03490111023485,2.903417871311559
0,0.0,4.335679848114498,33.49867239311044,3.845704696298107,2.850408997183111
1,441.60441105651665,7.3495427060180525,60.092809882037464,7.152853511990764,1.1576424265029233
0,0.7759079086158724,4.618029405128415,21.765469107654184,4.417476373133673,0.6704438045415406
0,6.003318040196924,4.304225317722802,29.63850584664777,4.0993564546687615,1.0139036126511278
0,0.0,5.0695878328886215,57.82872424405855,4.762721881209437,2.5349932817297804
0,9.347097454453484,6.174919113566341,17.75045991152207,5.956462802801606,0.4531229622152435
0,17.08608064687928,7.225194546270086,15.233381664524519,6.150221826388568,2.3792463682140204
0,0.0,4.797504919321353,76.31110324633403,4.552879917648655,2.8105668867874667
0,0.0,2.9526109020965436,53.878121007626895,2.8930666067734396,0.7935060043743626
1,297.677489884625,5.0762705848289436,58.66371534723167,4.921955118770711,1.2910479336931295
1,398.9368910269478,7.793321496745901,51.18719960497526,7.244170707141353,2.601516905065787
0,5.167496990139838,5.353220507499492,8.24613458102781,4.58547576630127,1.0958836992603236
1,445.2871924011958,6.31518942072817,70.51050458577382,6.257911364623222,0.4650039108261002
0,23.28598708038087,6.223831206091733,24.37648331029894,5.351430876611725,2.915426353593712
0,10.477025139642052,6.313230364415353,25.178493594829135,5.436445078100907,2.9510239852091176
1,164.31242458154043,4.942547527784243,33.20229878749056,4.479872699933012,2.2717519149915946
0,6.206087744619529,5.486103522355304,27.17642999249213,4.8016657665029046,2.636894670647994
0,9.800815969692083,6.4237430313591135,19.597153583822298,5.830059219486567,1.3210815424081572
1,345.8242305593116,5.475863000572768,63.19809715952722,5.1363672001217076,2.8269615073748873
1,350.55729749079785,10.235266246434097,34.24846848710584,9.56882789191783,1.6092173469098605
0,0.0,3.597423087234941,62.48986353086953,3.420832515287787,2.2095155638094988
0,0.0,3.4039544767658936,49.709749643463006,3.1360682213445754,2.835229542840714
1,851.8722215467836,11.092249787395629,76.81284459564294,10.561199059625864,2.6569963584159697
1,372.9740615428829,5.310685783252208,70.29374047010693,5.053981972798252,2.4490265078108595
0,22.819179036481355,6.874028944502335,23.022467232872515,5.924261218519248,2.6636129747771626
1,173.96546893171987,5.176634853237676,33.60445674147479,4.843030864097536,1.5645629438578714
1,183.8423953303052,7.353978622594396,24.99883534882581,6.915075258811029,1.0761835194587994
0,12.418386132324278,5.628073571384054,18.10986532992714,4.988970610501427,1.5543143523481207
0,0.0,5.472435567174488,47.23713781978684,5.177767054602719,1.830802047128543
1,440.49054702759435,6.530802587429346,67.49176707522761,6.285022229067522,1.8294632807573947
1,415.11287368207786,7.222360281344206,57.493685583876285,6.791405585959762,2.4733769879175713
1,215.42308466237526,4.522575704804916,47.63204274066921,4.240459993158585,2.138588313729212
1,371.46574042897697,5.2250777955229815,71.09412663252371,4.970160174885812,2.5001368382193827
1,375.76626973085865,6.080995362579735,61.95305981670584,5.711622797215692,2.7164301691906303
1,226.57949072643075,5.534952898610274,40.93611840320815,5.33105187007783,1.0998659295115307
1,287.4461834980787,6.6061310000734155,43.512045599608,6.416244982647645,0.9063219691530171
1,466.85970175466883,8.49234149756788,54.974820368684824,8.003198048830004,2.27649538676827
0,0.0,6.022342528929556,75.17376638544002,5.791134184927329,2.073105680726565
0,32.26848646915891,7.396195398598882,36.428784513448086,7.021457800263667,1.3245880677038668
1,337.4518151507486,7.834395587928139,43.073114111177745,7.715119184472689,0.48115187665483394
1,416.53882796221075,6.322489388175375,65.88347987751803,6.058216888648267,1.9975474241169278
0,0.0,4.77510606795173,33.222204228946666,4.270641516975766,2.594918187856934
1,555.6541777872781,7.23869630132143,77.10955088093426,6.896194614737498,2.6349824101165673
0,0.0,3.829210806648748,72.86091966186574,3.7542492835577814,1.0326983691364093
1,275.7931961916937,4.705497967258533,58.611378217425276,4.585489109301064,1.082172123212685
0,0.0,3.386716472040597,79.25835086025737,3.2659481966597546,2.0415567500710923
1,341.1834459783758,5.871844027491053,58.36150752828751,5.472760766220361,2.852100222196282
1,433.7381003972399,6.058544383337743,71.87372139533238,5.744274463630388,2.681017644057421
0,6.142851906880459,5.972974942614499,23.293787062760977,5.258016003249475,2.1358799271323488
0,10.65516402118389,7.132268556147637,5.158019336588874,6.073693093713642,0.9090234234550825
0,25.40526708912938,7.808728087029604,23.497601936642713,7.019289887038611,1.7498492708122622
1,640.9757482219823,8.25447302203239,77.65550023638338,7.857015497903738,2.6990973706775767
0,28.921552242687163,3.8600969712944457,22.157165019505523,3.401252102047126,2.01751119072408
1,229.0998697543143,6.266649936653528,36.55884097550556,6.036567413551313,0.9712197867672697
1,117.35503381716032,4.105145633723382,28.58729764124145,3.9366179202157214,0.8588785513539199
0,0.0,2.145769507969691,79.78541166224835,2.0764330926648675,1.8547846463053026
0,9.345153403105657,4.976297719370419,43.47042921657403,4.72436060522788,1.5942406416017492
1,251.01325814630945,6.936014459609421,36.13621660390113,6.276723444687052,2.525064983432548
1,699.6426260514011,9.656865939599248,72.45089860806394,9.346667106457152,1.6790983566051607
0,0.0,3.563455951044584,33.434480316716915,3.3436322380439165,1.4993304853400895
0,0.5132375303266751,3.94144155087664,8.681062231991719,3.4286901296439733,2.148519446953908
0,12.84307912644119,4.302928295731407,51.99989009243416,4.015509515757341,2.5077005497527134
1,207.84975540160542,6.174600399373003,33.8106359337324,5.479173908282406,2.8689910433036347
0,8.648084363251847,5.385298046790246,9.51842709642926,4.754312517667784,2.728212413837021
0,0.0,5.1750342409313905,21.457202082793593,4.4150871443069875,2.91731233112848
0,6.155665597943623,5.534020411836098,43.88366150448245,5.253758949234899,1.614111701285367
0,3.359664360105122,5.741380493465089,16.45885745459863,4.9384901820476035,1.9747273724854169
1,342.44812264131684,6.438023365626923,53.19150043314109,6.36492913052332,0.45016703428159216
0,0.0,0.6149888095055625,75.99702598377894,0.5961317225558528,1.679917917624989
1,263.2241896053029,9.042361006368,29.112731023529562,8.381354061353004,1.5421863224429644
0,28.189830080721382,7.397323856814573,7.464785932093644,6.303759658628921,1.0941147575741494
0,1.3318630831829186,4.525389015921583,40.72794442673195,4.182911163819422,2.237999129251945
1,672.5293262777017,9.18450613777481,73.22437996713548,8.967946018175528,1.2538096962139227
0,0.0,3.7941509998652605,28.530176397094383,3.661887180448128,0.7107669758352153
0,0.0,3.8777751208942695,16.378375453745903,3.422839767615155,1.4549046223965982
1,265.52532604486964,6.7321709797080915,39.441262980870995,6.5539396592734045,0.7502768957521286
1,137.26238909169507,5.71366801180285,24.023443255030436,5.4156292770038,0.8954114575356409
1,520.5100922425256,6.712840720382592,77.54322068517635,6.380519500297978,2.7670061692813612
1,348.5842220606013,7.937570007524308,43.91573977759829,7.792613882320916,0.5840020075035336
1,276.75094018809506,9.780406377011964,28.225971662414235,8.742659543783466,2.2331049158881657
0,0.0,3.3254662087319247,55.45917155698557,3.1376120400833925,2.247135985595535
1,561.281350702789,9.26173819336113,60.602161169619635,9.132241919438753,0.6119723770488311
1,383.88656744679656,8.567802602665155,44.80642905829853,8.28293432282546,1.076783619182351
0,10.598233427683668,4.761309129094888,38.38914424441518,4.5724846888337,1.111177481313454
1,553.4892965304477,7.886241213644464,70.19542713360329,7.543301999257791,2.200397281909554
1,459.88360695703625,9.936296248003186,46.28069273486046,9.26663972227901,2.246003217579693
1,359.1919189175854,7.123968765586405,50.42019845086966,7.017583571624711,0.5502371449183971
1,229.87502229546598,6.985954301603587,32.90277188545238,6.509934484728631,1.6198064602901563
1,270.8425310366383,7.3989151506192234,36.605665674809615,7.041297572027201,1.2781710869905873
0,6.535876630084642,4.700540151008012,17.118597168383396,4.002605878067805,2.5527620149937214
0,0.0,1.5030532217767807,5.2803236219556515,1.4190508842554088,2.8233644704662573
0,36.68594013413775,7.878864998282101,19.86655584574649,7.310681783227612,1.04047320936282
1,387.9010107755593,8.151727737521286,47.58512837753528,7.910069273784423,1.0125420312602262
0,5.325920056002663,4.597150120274322,28.858680268552355,4.317732547412492,1.2684509151668166
1,280.8776800157478,4.130458191419081,68.00525656179218,3.956631502682104,2.0662143735384544
0,0.0,4.2119226583735365,41.86459913664928,3.8943248727055857,2.287537741226947
1,245.61921382662536,7.072970221269188,34.64197226718318,6.35457179306128,2.5919884999274414
0,7.248834619067527,3.706322913419185,61.76990256676379,3.5295882218118306,2.1312437491464804
0,31.848983859459384,7.065871877200955,9.275041088814621,6.453102616369883,0.5767380859841387
0,0.7383517020791652,4.156512323062725,12.428084815822416,3.940894436033173,0.45800066609221857
0,0.0,3.9632190256260866,66.55275108572971,3.7330623946809016,2.789442976376024
0,18.887387394014567,8.188372481632236,16.287962122036973,7.0466897490350435,1.9269153861207942
0,1.658322555364087,3.8929713268645276,34.73566923956524,3.6658233299650975,1.4577636199189503
0,0.0,6.011164014972681,12.737081546548435,5.118793363527615,1.8405823835517365
1,327.44167352616455,4.282531398321927,76.45985654600493,4.181836321560849,1.2830105506365492
0,0.0,5.819429282580426,65.37338633939669,5.643737511514889,1.4316270943278582
0,0.0,4.164156442415033,44.88206284439303,4.082385658902209,0.6468474627498211
1,677.9939302583822,8.479996606634307,79.95214642485911,8.321637311803963,1.0777847034735366
0,0.0,5.53283540093367,33.45758433512647,4.992913781311513,2.3980232628767872
1,404.1894065826454,8.31024594406912,48.63907231179578,7.798051869023344,2.159873705169573
1,553.6889552510993,7.96915956396672,69.47896460182015,7.861083420087333,0.6723290144671981
0,0.0,3.7530822110070576,50.5042505917874,3.6972366452787595,0.5436266148129323
1,295.63528611566704,8.028715315064112,36.82456034519907,7.7294598295482775,0.9982893745289874
1,506.5924777522824,7.776210747495678,65.15219884520127,7.469380686140208,1.8551366642752494
0,0.0,4.650535563436095,19.95234337082806,4.31353511214328,1.045612388042715
0,0.0,3.389359021317059,46.93997968094595,3.18413200983854,2.047744506140885
1,336.04195200859357,4.739388870862422,70.90406826756107,4.690096409444961,0.5334415030128226
1,712.7206024402329,10.824617736545925,65.84256551009273,10.698836437814382,0.549336786259001
0,0.0,3.039224785801568,73.68745621302908,2.9735274996105256,1.1619100320988442
0,0.0,4.573485607335021,42.93164576163154,4.172566010116984,2.7311227005173846
1,299.3727211506049,8.041631688640251,37.24831516383644,7.6297442212940965,1.3757608471968776
0,0.0,2.3794958744085193,32.36120725265169,2.1406099123286864,2.395706298541018
1,277.53670860267874,7.369159679054135,37.64735838281041,6.7623558053327,2.2468593951541287
0,15.846390892378231,6.605731692013611,8.852507229073725,5.968544481650667,0.6264986512230025
0,6.046611625668209,4.4957748023428294,42.561256124895976,4.070886789084585,2.945265938467898
1,385.7276995807026,7.843189631624955,49.180400512004454,7.418947618640535,1.9127947413063162
0,0.0,1.9314033882579726,22.90166512710261,1.864852190644649,0.569794595786739
0,2.326651017615597,3.9736399618819327,17.2990858706757,3.384290952265776,2.5169277593122366
1,310.39993019457614,6.645503578508731,46.70831573491013,6.355561274760875,1.4727818286683219
0,0.0,5.16626836043959,44.023607029646215,4.974107317213866,1.172381251780049
1,399.4859295887162,5.083997206996957,78.72957168138142,4.891348053607351,2.1618665598185838
1,497.0110784176307,8.794622438040514,56.52100312340127,8.292691353542972,2.3180434056728445
1,435.22704798191165,10.676655813028416,40.76436061880965,10.337348317540085,0.9224502444716837
1,328.0439242728567,5.601145626168143,58.61565455845533,5.377399349372941,1.6942135753326713
1,396.311163418585,5.507026919593107,71.96463158888406,5.4628771641850395,0.42140938056415783
0,0.0,2.8432187175071157,11.689500960256016,2.455552421589575,2.7063163622511888
0,0.0,4.604394323220208,29.061378352253747,4.394880776282286,0.957621841972983
0,0.0,4.727278972629645,29.50356644583958,4.305242197088799,1.9188423831485109
1,301.87225684693,5.09047155293431,59.306375043652544,4.825093774185161,2.232435396516045
1,372.9058984793328,8.322685323436767,44.95990956698671,7.801710919618515,2.0342104300637116
1,569.8011351138737,8.634249477917136,66.05790449036414,8.223616805415292,2.268825967872344
1,485.89970861304255,6.554544242482627,74.13567910853956,6.378510398525862,1.4483934907475549
1,251.8753279944065,5.169891225781646,48.71965714451919,5.082386980315369,0.5842251714644864
0,11.21448930488781,4.629566243903903,33.33927753539777,4.0924661149000086,2.9307168941578157
1,161.65211311071982,5.777723896652984,27.821346562086134,5.059812489251276,2.68140611770179
1,331.3977358663351,9.676639492899522,34.24603212437997,8.996276554037603,1.7380683344539771
1,445.994358369071,7.738652869081299,57.63208424200309,7.532510526518731,1.1183632085399031
1,297.6861539528734,7.7290935616382495,38.55325493113222,7.261167053162837,1.685277792510956
1,410.11960537965734,6.454362963352443,63.54169869047578,6.276191181235784,1.279463833169702
0,0.0,1.8745140549616077,33.895893123396604,1.6938379371690189,2.392555899878798
1,362.3777692834098,6.512417692710932,55.6441305287958,6.219519678378881,1.8197273518751604
0,0.0,3.7692816640518494,25.435636443409162,3.381340815415794,1.9462895313695983
1,407.8010282687512,5.130330873632652,79.4905819853827,5.002697522940563,1.4404067946486836
0,11.426385160752295,6.3810506925527495,13.367310711943105,5.429706546018629,2.253233574376503
0,0.0,3.957219484072129,73.29053401450793,3.773131193213169,2.4726771434081876
0,31.60005934222121,5.959501303548454,28.620998328329996,5.765359459416668,0.679637405996989
0,0.2424200841699522,3.1600019175253697,37.82757991863276,2.848534359118245,2.7478732648595363
0,5.0132389931432595,5.1110424144670805,31.440875032989076,4.607459408464144,2.2888716224344337
1,679.9278757855885,10.131310183197915,67.11163661805699,9.784670052144502,1.6602922208814963
0,1.26404085020666,3.8615118915855784,28.23651702777217,3.7781195508995653,0.4524175900246802
0,8.324227990287465,7.172806265876645,9.03954653115145,6.46137671092111,0.655664282721591
1,332.8817918151345,5.745228219414971,57.940633700400895,5.534703572940356,1.5284109965753299
0,0.0,3.5093386267556044,28.011065505225623,3.4396642846659833,0.40504560163920744
1,457.4377515438341,6.451109208645788,70.90986918266785,6.282434049169954,1.3408112772319543
0,0.0,1.8636558713154858,9.317682949974463,1.5903251310921047,1.3071688943662583
1,641.8274950903957,9.886048528358314,64.92256698414087,9.522936512591281,1.7109512472912307
1,504.6504828373683,6.856746914474125,73.61244399733653,6.634845869270593,1.7226659117294747
1,317.4843812604892,6.3173175304808025,50.25620126400803,6.227196599677986,0.5192864510559049
0,18.718966191343373,5.787761011888351,11.306006685153998,4.931929500196384,2.0706676290804107
0,19.81616998363997,6.730784228597413,32.63651578304208,5.986959900218086,2.696246281500557
1,650.8432287692297,11.748161681335343,55.39959783355786,11.444384402395297,1.0331849008820475
0,0.0,5.720573137665726,29.75011370237183,5.3604892844431244,1.351548452510572
1,396.68903713578743,5.547760069942516,71.50485356480704,5.427951815616084,1.1156113258087963
1,576.2540932736797,7.228370812092302,79.77336797254735,6.910866157750237,2.535330226918886
1,433.9665094694514,7.074100064989579,61.44322033023235,6.66946010749994,2.549496938358642
0,0.0,3.4655479684583756,15.3208442649426,3.0343809055469975,1.4951208937037732
0,26.48132988036223,6.056790238434626,19.41463703094817,5.754221771651582,0.7043864093712102
1,211.5812069407276,6.411407884101531,33.000740337029214,6.206467867632485,0.7611340915580995
1,251.65882613260482,4.69375135860561,53.61571942999778,4.526522148000127,1.3832198978955805
1,355.67357595570695,5.4509055169710185,65.25042571167123,5.25723907384662,1.6724261602510202
0,0.36339484461796717,4.638848444614449,25.158285243066505,4.376781025749459,1.0280694864111504
1,310.9210370766683,4.292029207774406,72.44454234408246,4.084681564747187,2.539121452913031
0,20.081334108540712,7.546783031148275,17.4985315500724,6.488619013204271,2.1050150397308274
0,20.38871769431322,6.627488359749497,17.371731451059766,5.651358943980853,2.3986463371491755
0,0.0,3.4584283120183366,36.50756550274825,3.1956515844843736,2.008743691536104
1,284.18526340590944,6.100932782350506,46.603223188132986,5.763509988459989,1.8605351223723838
0,9.118492178019793,5.6664146233146795,18.351094129545316,5.232526685682834,1.0168843393808902
0,3.323266946691749,5.134325128801001,53.45512243394596,4.817812597859797,2.3796603901746263
1,331.90064152865216,4.725103104755967,70.24378120001627,4.648502379469873,0.8192856824317902
1,429.69300287792805,6.967841081413744,61.6680337255683,6.786856314537954,1.161602644301441
1,314.51972865229027,7.71331788224733,40.77619170554041,7.562298634256803,0.5849817236700212
1,244.00559497534655,6.4151797900787955,38.03577641456606,6.122394437227044,1.247569775853608
1,495.49968718514134,6.886105219155563,71.95648227212834,6.771691392789149,0.8647225457557246
0,0.0,3.3925839254325267,62.9642671384634,3.250279965463122,1.9098502012638279
1,211.4679528331046,9.983414412558517,20.112998560155386,8.523177104512094,2.7556274176728754
0,35.39802406313535,6.862583782607811,27.600038861771782,6.347178857200673,1.4989408479613524
1,609.3088838610238,8.248963571143877,73.86490255207468,8.048477185792144,1.3001301260618334
1,242.06557932321715,6.916054035010297,35.03592940513701,6.300175240102914,2.2666877541384003
0,33.16417695732372,6.198823021499816,34.04473497690516,5.934759675709012,1.044380907659361
1,353.6200973289329,7.1734370604124384,49.29576966315875,6.931579414918562,1.197500620619084
0,0.49480958339682063,3.7934940104649812,36.050378088092415,3.5495669928815983,1.673308299829885
1,634.0821080614492,8.102359711356922,78.2595753180361,7.886394385577252,1.5080008151366102
1,106.47636085726892,5.342887017268096,18.785362483756685,4.5555198439334985,2.6983637545333523
1,249.77808747314327,6.830506727486387,36.56805294689963,6.659181849641811,0.6506514148033118
0,44.79343464471181,7.833253574108729,17.561128269969387,7.02663811609258,1.33996629717408
1,416.0693280132737,6.87004564530164,60.57067867175766,6.669107111731417,1.267981937064269
0,0.0,3.3888616066513597,61.738011157171975,3.171178637486398,2.85861382748271
0,46.6647572668392,8.237975328832034,18.086154318798762,7.049694680530096,2.3354051918042864
1,207.20749872912626,6.604239420527501,31.420937747820183,6.020378532826775,2.0278173173677225
1,648.486413894028,8.797335921834788,73.71430907467642,8.474010074463111,1.959069642088831
1,282.1935877397135,5.864789467040311,48.11829739987594,5.713176377460368,0.8864424650125002
1,146.9709020438373,4.900248802780074,29.946474847857147,4.431964146670161,2.093961919379344
0,0.0,4.136973964226383,37.835220418244894,3.8054741502646467,2.1914486031596176
1,502.3793179465549,6.880983444182148,73.0126393077306,6.575641237935737,2.3412882113543576
1,317.9877962415854,6.666458384393023,47.699667229492796,6.4060362141021585,1.343975750053972
1,277.5602055859426,4.273166555695289,64.95529063481071,4.0488180731937655,2.461851251784951
0,21.360747674722067,6.956604888333673,42.60528045239592,6.640700301336391,1.380927321278016
1,231.4631893086397,5.8454825662394905,39.81235113247073,5.351102298059695,2.4480266969322457
1,250.90170741323078,5.770831321816639,43.47756734364288,5.653736659740845,0.6459089093211229
1,417.5364544172169,5.984378165351727,69.77106823538732,5.881523493589818,0.8723752047822341
0,0.0,4.109987185694501,58.02618796739187,4.032812344726136,0.777714953961713
0,0.2972318067112437,3.843495636225495,5.168197477515939,3.522200087753365,2.0729231624483573
0,26.355094167526772,7.058288870840871,14.30216925715372,6.0069726068946325,2.5045286336943047
1,310.6547938175904,5.824278432980747,53.388295797371,5.552507015909594,1.7932320974375155
1,769.961582153571,10.322947145136283,74.9703567107414,9.8081915634236,2.687156643178081
0,0.0,3.7279062076790295,23.612265855463907,3.2115285775029325,2.7723896818886415
1,385.19241263283186,6.802100567145328,56.63011111105541,6.434252314794916,2.2029194470963787
0,0.0,4.022750029932986,34.68430703402788,3.8505755868748586,1.082140965062416
0,4.2782539677851465,4.514423766276429,17.61942865293276,4.332482547088412,0.5187079003637902
1,291.2520130261897,5.578513291773503,52.20961173643528,5.512686023552342,0.44776602165409
1,407.68180861467465,6.22693717691692,65.53381736752763,5.863135445935748,2.773272047745875
0,2.4781942580991734,6.220924105595091,18.078807320016224,5.605224270400697,1.3080296658002157
0,8.25299184712186,6.994823935995651,5.38841369326941,6.093411472938077,0.546751952421675
0,0.0,2.354525395744325,31.457134772675523,2.0979444481183913,2.5617489714855517
0,0.0,4.1931927890449225,63.253138106707794,4.105355656465982,0.956837526610283
0,75.6134351127198,6.204904304072149,26.98071090475066,5.825153484829205,1.1854664675887152
0,9.663110859107357,5.469382293986766,14.421784564232098,4.695487607517502,1.7914413223954204
0,19.878289088832148,6.618409954959577,25.390853742738145,6.291582385703659,0.9177274878025562
0,6.567522278837938,4.640135122740388,51.39826824780481,4.460349657423057,1.452552568807254
0,5.994486371295955,5.216923842405905,35.90614772708292,4.674957732287917,2.7622011355649
0,0.0,3.9830432925712382,60.80931061461743,3.746749671813387,2.605943191520829
0,13.463158900253351,3.1573999316407613,54.32884770043304,3.074518183125473,1.0214887726311657
0,28.88604397225034,7.46243570937664,14.62060612090066,6.361565186931787,2.772460688374303
1,410.23141358355116,5.18655716323845,79.09513198409518,5.128082529166173,0.6415869705599196
1,563.654975121032,9.198741890458077,61.27522459337755,8.970968703150758,1.085983676717607
0,0.0,3.875988337667901,6.972651828021286,3.4553284030835094,2.1721678087479814
1,342.2148542196876,4.537068238597524,75.42698396075471,4.475957805113184,0.724743051775504
0,0.46885456739944587,4.559187459088111,35.1264625827728,4.236772082667916,1.7871183334994982
1,332.8967930773953,7.95810263408963,41.83131610105792,7.6632154023903665,1.1119092203905987
1,181.246005364784,4.956769519449716,36.56545455048452,4.7533618047083666,1.0709368970973867
0,0.0,3.3388798457960225,40.1604099640177,3.0467413831248913,2.5584496075759
0,0.0,3.683088207693513,24.95265747938275,3.5113631979155797,0.8401582681514066
0,0.0,3.9920514453146354,10.854610853390394,3.4020782941290566,1.995848060548047
1,257.02735624670504,6.765776549215606,37.89560861787432,6.05731368889141,2.9385986435301805
1,379.2205720673648,6.623128164977614,57.2589795847783,6.267201295609097,2.222760820362566
1,447.6616683938246,6.003915748508113,74.9382372231421,5.671919033322802,2.985743919628673
1,205.24620488083008,5.338065800678597,38.46051328381395,5.066266860611916,1.4161068138525992
1,335.9545116334554,5.2148711396857665,64.42239944853421,5.152465236160175,0.5640228437825342
1,268.27220938640676,5.329297429136168,50.33931918361162,5.113441510882167,1.4672574301366668
1,593.9286843468694,9.51182103044013,62.50433274933803,8.96601979862656,2.5890222746603366
1,234.7406570988618,5.928067001980869,39.695253580355896,5.338924529139483,2.9156759879458107
1,628.3827276017998,7.9254409218718544,79.28679528725067,7.8059994199793135,0.8747759501756549
1,468.5790831758205,7.098592830506074,66.01014372072976,6.887124583195496,1.4049500959007455
1,161.69051309879393,6.181770167134302,26.156019728468134,5.9281201030967825,0.759546498264929
0,0.0,4.126317914081651,33.79938145535011,3.7708463038024926,2.1152654705827714
1,372.05331055747376,5.228966634864457,71.15427350778586,4.987888567371653,2.3678193164959564
0,0.0,4.251179582173129,67.362197740645,3.996186446191605,2.903434251115238
1,362.4823725488751,5.407528196948378,67.03291399451697,5.3399159329036054,0.598589880882901
1,249.6120553726784,7.775254016348102,32.10339557340784,7.569795374124221,0.6130906500850049
0,12.111318579798949,6.5524157343771945,14.790757811935691,5.809661695584499,1.2602808966347099
0,2.8103484512987538,5.613050363340278,27.42231555362345,5.021199894828802,2.135430356962249
1,483.25601339292564,6.277459515756258,76.98514339619241,6.17351981900091,0.9143424734326534
0,0.0,2.216102880281538,30.656059699203574,2.061642842591292,1.5452154532077147
0,11.30312257024722,5.967647689003766,35.805615764940896,5.644529966125718,1.4003787200115534
0,0.828875585567743,5.325216284339787,35.86463071502881,4.867405252960245,2.2445126187823696
1,503.0410548845659,6.6850340971884314,75.24883924881766,6.602355663341089,0.6709564963688568
1,474.6914670658844,6.957458265449191,68.23921294192513,6.661934250333833,2.1037729784779553
1,199.85291301448638,4.690435823904358,42.736594800214014,4.326456829333153,2.395783117227119
0,5.0830714165656845,3.984417195910314,22.92529494778171,3.812919293623355,0.7036607217858926
1,200.95713947240802,5.374649474854793,37.406628599914406,4.870419556898882,2.566863427819751
0,0.0,4.344975272273227,9.86036041593173,3.842022119787908,2.8725914887325765
1,191.10974155510456,3.6092463164280897,52.968213687769286,3.408052407302042,2.119972303948727
0,3.557529692669001,6.574622313607422,14.546229510503231,5.864682343436695,1.1691566009269716
0,10.506254703283748,4.792755931762543,28.349887883295054,4.494734028845415,1.2721460361420365
1,609.6013451231711,7.641394112816002,79.81318682321057,7.440237756005553,1.5200945381950932
0,0.0,4.449119057080501,12.435628854886595,3.835200824334001,2.773123621903716
0,11.510901039153516,6.9970588165315,11.585904153415594,6.030256739267702,1.3404202667999947
0,0.0,3.3657756272773782,11.271214182879916,2.9284310824276587,2.8085325643471473
1,232.85257918641446,8.988473754233066,25.737521557546167,7.948657846575632,2.252425520418885
0,6.304139326048487,5.0900945736381775,20.23884813217898,4.353868619150892,2.6396247537232145
1,668.1934917581991,9.10247591405238,73.4078835337973,8.963197691843918,0.8130313650000094
0,0.0,4.504249834797148,24.773362490432994,4.240140583506048,1.0555466153945217
1,621.159279521422,10.617782437981637,58.54829391798042,9.89665779722722,2.870753059271151
1,175.81239085756746,4.915150339545692,35.76946438290674,4.6808525859718895,1.2200049544323361
1,445.1543544600993,5.891118486054067,75.5651975122135,5.61814079297728,2.530788288799944
0,0.0,4.450992170781767,18.08700089680385,3.7841984767625108,2.878419665932152
1,589.157289611827,8.059253275560593,73.10475169774874,7.733544463103701,2.1327973906189746
0,64.64318577899468,9.038439968232339,19.671439296168543,7.922568610679195,1.8956859313239907
1,346.7724785829641,7.159102977681938,48.44357686050084,6.862342980981335,1.4464332034658094
1,394.0363002595608,6.365010629584358,61.906654786935135,6.125082397709089,1.685547883288431
1,246.21113635543645,7.7840805255862575,31.63083047119143,7.325233509709336,1.3392143873100228
1,290.7695209968522,4.148145878326953,70.14337796519385,3.99786347736173,1.830900988065876
0,77.76069239394154,8.019126779745159,16.711627567233677,7.01181743970187,1.649662007443026
1,243.938354167315,6.552247758101424,37.21844072685577,6.027921245082896,2.14734587730934
0,0.0,4.193884603397689,41.06738432174237,4.009703543273924,1.29024519289782
0,45.62243258057903,7.30263022569807,30.818752961915834,6.526026232542567,2.4414739352383545
1,275.2370190479769,5.1330035281383655,53.66072190434571,4.795711636066568,2.5488258645211985
0,0.0,1.0870061430989444,34.268614853150126,1.052393067512806,0.7765146763117745
0,0.0,3.5053454839471034,45.84025035749006,3.199677944804363,2.903020284955343
1,398.8491447007676,5.266625489581645,75.7314423609192,5.215853055660739,0.5201205489761584
0,12.020587692444881,5.955021600618775,13.937299645560078,5.065360539698537,2.1137159417057285
0,0.0,1.067040237983422,10.618591192172541,0.9504960016114591,0.8728969673347298
1,254.210512045392,5.549842203676923,45.81354094438686,5.292329092620498,1.537868901107573
1,321.8498690214336,4.66411919149088,69.00604993486935,4.484381939759451,1.9202240135892805
1,238.6133096556591,4.737594885760784,50.36595396708417,4.661825328819374,0.5691238943912804
0,4.514897637256959,4.424340245845038,12.07236086349426,3.7621869052837265,2.11449386628379
1,253.11905316827298,8.509937364482926,29.74388392041282,8.083475836511422,1.073272899559625
0,21.096632642107252,6.197843713084042,10.38759059110117,5.477286710490953,0.9122274041561018
1,318.6500335654414,7.955946845915109,40.051719907035896,7.428727107392085,1.9166357129505527
1,153.577067122652,5.388213417715815,28.487468556843265,4.932847369830688,1.7435432362385201
0,0.0,3.757129692977696,71.62185471241624,3.7182920964958996,0.5417917562963558
0,23.83846446399974,7.844579100703278,8.816750669995734,7.2814526918330955,0.46253982260718624
0,10.100692513733913,5.732509577684388,47.10056523685522,5.374025605066931,2.1258647998201705
1,282.77931060685785,6.075163128528819,46.54847251885671,5.836316410438494,1.319613341660827
1,302.90561420244074,8.153953214233994,37.15875618376681,7.823545301978066,1.0890437876709553
1,407.4293188455178,7.102245362471066,57.45752075778562,6.596596852848318,2.9578274413950143
0,0.0,4.178216852979346,12.575326801959651,3.9801852073096446,0.4382048468171062
1,345.5834032539596,6.393373828917006,54.167207927556724,6.025670519645816,2.237169833640503
0,89.10022495353397,6.692273435607154,28.868999468183056,6.394645824368623,0.9323740502019335
0,29.130217930393353,5.805315434420654,33.997748578147245,5.493955088934391,1.3147336259556865
0,17.764574674683523,8.47944536628727,25.750927097114776,7.4880096036782895,2.2904911680734092
1,401.79438588921784,6.573031144208095,61.12791366921764,6.262100234416586,2.0786760204704047
1,306.8082668047631,4.2611698977653205,72.17920064175186,4.055747885279381,2.5032784087693325
1,325.206337907917,5.211873473679913,62.421767913595396,4.992011952392715,1.8901634784409307
0,16.325289315423593,7.492095928435496,32.95856434409981,6.8970419895261115,1.898312211274197
0,4.093081371488467,5.579100111986166,26.248385655662176,5.271008395781954,1.0452282621961086
1,287.2116958749697,6.647293389528911,43.284903340672074,6.0705029712798035,2.7250658919691784
1,218.59735951436255,3.935937497108248,55.53882900954419,3.8573033903202436,0.796539547054393
1,205.1681639116227,6.9710916469812645,29.295563904376756,6.176502334658188,2.518870588790608
0,0.0,2.729448866764339,29.740389336914863,2.3950758469665936,2.816524544675195
0,9.428442837972035,4.5255163980332025,41.58106127480437,4.180898811298186,2.2844733278832203
0,4.57940395593385,5.135931877365654,34.14068788177416,4.601104638505517,2.628546194247969
0,0.0,3.395837725913858,32.127695749793446,3.294282043268628,0.6854936805079724
1,456.23039512582983,9.78667730787769,46.68375128528071,9.040401095412816,2.5699947039563846
0,0.0,2.1880535649540023,27.44083033044776,1.9159099839871396,2.6781504605684567
1,213.35936228908028,7.210019340032686,29.5921408767275,6.953148824500161,0.7579124047602774
1,471.8679686698504,6.667776536680436,70.87234173814515,6.4144719290488785,1.9496075387797784
1,538.9985655241957,7.303910051194263,73.79949779813576,7.0405263778687095,1.919495633009936
1,225.18778543516515,4.349565639440557,51.77247711865254,4.243626694335003,0.9173283347908081
0,0.0,4.35798967220746,5.242946920731995,3.728655886669227,1.0659575034369555
0,0.0,4.9466706666502835,17.031187848221577,4.324186045548178,1.6943821850874121
0,5.1561431055595035,4.567631734733623,29.103447673767324,4.113411332956582,2.129363795770698
1,489.9110296644825,6.526772475917035,75.06185787078499,6.299834391321843,1.88665189324306
1,394.1702143285302,10.211390350126788,38.607061626006235,9.580648909807694,1.7231554436298322
1,260.89013919729376,4.5381802947914,57.490663544908706,4.430705390135595,0.9789378212288494
0,5.249296893615794,6.077446667768235,15.292328322654393,5.4397627728521,1.1866791959286371
1,379.5300687022979,6.312909902285623,60.119671369336196,6.211914603730712,0.6831970397769755
0,0.0,5.146099324770333,33.09034948122373,4.902091584208464,1.1449698646741573
1,360.63284358994537,6.00824073423607,60.02310909345899,5.8010280640869185,1.4842141591341074
0,0.0,4.0370997614878545,8.974842577604468,3.5879780830325205,2.754866060743958
1,229.28447949131288,5.831241265340755,39.31927400876825,5.476707130662652,1.7311770468889938
0,0.0,6.823476106581607,14.28360921390437,6.0731620051829776,1.169137079192725
0,1.6082174168216412,5.893424678858105,18.14495270123629,5.156336778851951,1.771777137182593
0,0.8180360775408942,5.256783373550751,8.456891127246653,4.516792041275709,1.8193433357753972
1,248.69453550186768,6.536097574912479,38.04940046348041,6.190302787020971,1.4519781543859827
1,539.4637941192702,6.75010916943828,79.9212564364108,6.499751538889354,2.128637675072396
0,27.34879257869509,5.608420387138013,25.11714439660478,5.390499553258035,0.7097362606500683
1,258.93011297797426,7.680537337159734,33.71086766992032,7.174714422966535,1.6061461375682096
0,5.530352188279003,5.714201357995295,29.04429451665826,5.2032329361000516,1.8892844624157834
1,236.57058035607656,7.214170104707319,32.79248713627972,7.046800206166304,0.5633274053612243
0,0.0,4.344265909896403,8.386009545594998,3.7455243871138544,1.9068501342196433
1,298.7132955170538,5.054072352483456,59.110670152445174,4.732900659804884,2.714465834427788
0,5.492717831154523,4.743076479701325,24.415635715189083,4.491264558512639,0.9239928651952061
0,0.0,3.2213474134665137,21.85241830088461,2.8170518535255336,2.1486871830519347
0,3.3422862449865227,5.854229095650258,20.07095919114974,5.073282759590368,2.1923072038811706
1,435.73403050188983,10.6147825734361,41.15973838218185,9.669709461468065,2.6547690297297426
0,2.7450227359564163,3.9430373459749517,10.251139185835127,3.7014098493973386,0.45374593065231783
1,328.2475303945518,9.11470971319625,35.95209175469377,8.223759931367002,2.57960675052483
1,481.2974710803789,7.459906818742956,64.51789315533085,7.384534167402104,0.4765598471981044
0,31.171922647375975,8.592602260990384,15.609867151770333,7.408598438133661,1.8133451873595376
1,268.05614705264605,7.043199406953356,38.059802768888154,6.742674280946878,1.1747082444030457
0,0.0,2.759600323490588,6.004419254818281,2.5788207952097353,2.864086832538754
0,15.021283172050516,6.687200238951161,26.512651308503933,5.839297685386548,2.6301116640401383
0,0.0,2.13970341559208,6.187645929383979,1.9165213982759968,2.0271341607773388
0,0.0,3.3502065754029253,5.1338975749875075,3.109609178433672,2.304020798038944
0,30.187037378345504,6.8735701372373805,8.487398472810852,5.874929976392353,1.6951882475762878
0,0.0,3.6943292362699554,32.04168250048883,3.460319954186297,1.4621847669444086
0,6.202421412377228,4.164094190695697,9.55736695656661,3.692485755403452,2.8563850818862178
1,324.78444950186343,8.016622862843748,40.51372698987977,7.592100193484998,1.5359782623377418
0,8.14869691470054,6.0322256361076185,20.78485329214074,5.574343751169489,1.1363732146155885
0,0.0,3.724864656602567,50.11927009325919,3.4477099885697817,2.7022438787059975
1,366.6837513065792,8.624232224137135,42.517861032473824,8.294961920982818,1.1769459771465032
0,44.46598856142178,7.329885964748937,17.399722049636466,6.2356975289937955,2.9898067284158443
1,292.32903334469614,8.502689211598934,34.38965691917989,8.033122166843237,1.3668230636005214
1,475.30261390781385,7.2340477958752505,65.70439732134153,7.050888868286272,1.2015450804457535
0,0.509521419430683,4.967283303882483,32.99856688571907,4.508830537903613,2.222262780092019
1,195.51528190918813,5.035635094287579,38.86011115425434,4.648000008649389,2.151849931547077
0,4.042229338553044,4.029273215041027,17.255543682435018,3.5405370213115943,1.6157885972152481
1,272.78790660082586,6.949907445360689,39.24985290261841,6.441793411524055,2.073971174053389
1,321.958931202062,7.768885879061401,41.45677798885674,7.207349488257239,2.1518022629348637
0,15.739077268053105,6.992876911865091,15.01035130396463,5.953745227027613,2.657559664004929
0,4.140622690713127,5.193230442804458,20.550305258503336,4.435332444762093,2.7759521187037652
1,546.0063205312373,8.445761307562645,64.64878303103256,8.183762629304038,1.446212830324792
0,36.37198621747106,7.980196346977806,13.456560694118583,7.085153888340947,1.1367698670064144
0,0.0,2.4597297461033,54.17063079972894,2.394904494345668,1.0197901327659848
0,69.6845012181031,7.467135579341796,28.910655597821183,6.572755772710179,2.660492375150277
0,0.0,3.832026444859925,47.236616949406766,3.761343737997718,0.6238174197786716
0,0.0,3.927653178846813,36.659651892568434,3.7273086892735883,1.352098894239296
0,0.0,1.953183200920387,5.219586777232415,1.8550728868220245,2.9639647516150593
0,7.690537529903522,6.178352653564054,5.185089204670039,5.2706354159124835,0.7015241676225943
1,353.7987005904331,4.815937266329689,73.77305233898325,4.566253196463052,2.766622030393242
1,379.11360913488414,5.706271139535511,66.43806508910654,5.557973072184377,1.2414441288762306
1,400.87793797840845,5.946906098524063,67.40949518398043,5.874120222691645,0.5984799573080382
0,0.6619863602491382,4.9296085810953585,16.471171944350075,4.219432327395522,2.104512865095563
1,274.0983258118147,4.100526204095413,66.84761543158034,3.879525467187729,2.598349986878029
0,5.123779037775019,5.10321937537514,24.150138050757615,4.895151247337918,0.7103157903595856
0,0.0,5.07237913958609,64.26210464031436,4.810419957863429,2.3980426837101025
1,487.7252272863053,7.4342591054584215,65.61308272126652,7.255220859183235,1.1443449680145013
1,268.06947890385595,5.39454351357575,49.85789488693085,5.068238332198671,2.1786872727014064
0,19.623810595617762,7.456382089229084,14.82055498194086,7.066688758424349,0.5654246291811251
1,588.270408648475,7.905759703143183,74.5277556666488,7.485382262208534,2.851681668224953
0,14.855990500476556,5.630018481567789,30.20772085761655,5.5082437725330875,0.4740425129397873
0,3.245131889159678,4.174396259661568,53.69487754339228,4.109146339413147,0.6036838722824437
1,334.4084141513472,5.892881528525652,56.863478462059504,5.478764908083636,2.8750649960767065
0,0.642298636948188,2.936141114954439,28.27417464397805,2.7696165793998024,1.1486594462788227
1,242.4497792317831,6.615065466275233,36.70473955604244,5.929960779584977,2.8130831906007026
1,165.21631359780622,3.38779485667427,48.76794496760898,3.205445382972358,1.8833406401259873
1,379.90890673850566,8.297779839016385,45.78522454740722,7.936292461074219,1.4339607997065444
1,545.2241520595268,7.09304022830358,76.86748655841248,6.940712096763022,1.196829332738091
0,40.5930511491749,6.496273695718501,29.381724322041453,6.225225392058313,0.8782952032717289
1,241.434689434729,6.2698036769613354,38.47113075321239,5.704988535714716,2.5314925130558668
0,10.689314903216005,6.3998332606674815,8.773050779387507,5.810775514516978,0.5805949787007884
1,286.8493745092742,5.666788299798597,50.655502532673566,5.359460239198996,1.9836696868998027
1,476.75974543380255,6.961089021944574,68.48924700375157,6.879127914402261,0.5779452901559798
1,588.3798633388506,8.650608817563871,68.4270871754044,8.140962713627081,2.9173637879651366
1,262.7450640130553,3.452515611500052,76.10259531049493,3.3927980476003756,0.9504469036284273
0,6.220316165823391,3.571568568713108,7.877004256621003,3.248981203002398,2.9489976484634397
0,0.0,5.853350237641993,36.364862925325326,5.260560891598884,2.702957953563103
0,0.0,2.4224364057191856,15.828094065416924,2.1719920885141804,1.219451117052945
0,0.0,3.578497470862881,24.34864064951285,3.218396081913082,1.8040837390021651
0,1.2259119060162869,5.2275819502614524,10.980922257220564,4.5763806057848315,2.936605328749928
1,208.60338815043926,6.847590347249769,30.256039870060338,6.045738186887544,2.6794393135262937
1,604.184843348585,8.694225489513695,69.50129544650385,8.226473003201901,2.6979244763393235
1,376.2236913461303,6.753972944655711,55.70406937364011,6.587590967349134,0.9912862631771402
1,257.59533119992165,8.471517980704823,30.21119465300671,7.44692672248462,2.818040419464542
0,33.691670929677564,8.01137315575614,34.74720889827343,7.129730973289631,2.859983899314314
1,388.2061694145126,6.821277336144536,56.92366976029633,6.5886556442566775,1.3914582399973252
1,249.04191305557305,7.916246183887204,31.442284286747718,7.247046074731119,1.9269116437308118
1,342.18386009177283,5.014637052212135,68.27098569020384,4.7286299565210905,2.815998242529308
1,172.72991355166047,4.469934036703841,38.544546070974846,4.011126491716667,2.920162181257689
0,3.6531156332436345,6.1831827730385776,46.084976417000576,5.7662348647413255,2.254844545571176
1,204.05283592107196,5.850627112570922,34.876852303072006,5.5306380054661215,1.384778306540956
1,257.1438681644258,5.733917570856877,44.84303029994025,5.321184083857416,2.3302206474414233
1,239.62058618447648,3.7686486071848724,63.58404213801414,3.5523074450402206,2.6283501976996715
0,14.058120194542223,6.295666911812954,29.9709168479664,5.560353914430952,2.669678717861077
1,341.490266947955,6.553697603754971,52.2116885589916,6.075465775287526,2.7416048517861316
1,313.546539379053,6.943686188097062,45.15573312278498,6.667871888074853,1.2957802882338596
0,31.353023283497816,7.434424906191715,28.590472238810413,6.667046315178539,2.1782047977709467
1,464.9192713852725,7.174822393153903,64.80175710175891,6.759722198392446,2.7055415976503263
0,0.0,2.724298580315337,23.101271570858465,2.40682796937072,2.045975716585756
1,559.8434652935707,9.190654309355956,60.92016165274437,8.642561677151102,2.6278383910454965
0,0.0,4.897352736656541,6.927959481927644,4.177689821752033,1.0061012956765443
1,582.9673420328456,8.595233650067476,67.83368815208942,8.218993329896398,2.13654770171047
1,197.33575676146805,7.674737789025619,25.709251379705265,7.128777846495219,1.3241935353418226
1,399.4725851501567,6.085366024965585,65.64479272481756,5.931834405743708,1.1929201494595083
0,0.0,1.3304551227277943,25.767387479369827,1.2916490196836699,0.548069135633491
1,134.19565781213535,6.529545460370779,20.552067165667466,6.295742768584926,0.5314542860883353
0,10.459780403937724,4.495528264430412,20.49312161943316,4.03727214561236,1.5389889608619751
0,0.0,3.090202139248154,14.44383699269623,2.771257340389187,1.0999133467078908
1,292.53413377439165,4.854678021776512,60.26157208177481,4.6191381442715365,2.1128794437080067
0,0.0,2.32356664565557,7.5568539152739245,2.0083282009562526,1.7549338640114702
1,401.45907949175177,10.090000021885135,39.78859796775594,9.794747877885856,0.8360220534636315
0,10.542233504138485,4.663370184670233,32.00263196321711,4.216959189994154,2.244030119707187
0,0.0,3.8340342982679636,18.844474131246,3.2873165408336416,2.403655886797612
1,499.40012485119166,7.047518847630422,70.86183602234584,6.898180202516986,1.087248697447642
1,154.78360566706627,4.178419671044201,37.04514702733004,4.000153362023699,1.1384745911011824
1,165.29573919856085,7.290601167877244,22.666778283068,6.732307456718806,1.2609956472310002
0,2.1731488920058073,4.35026079640589,10.071681123275344,3.705246693369878,1.7732565863005223
1,483.96361095862227,6.308205615291673,76.71972494578914,6.196802428649146,0.9667967278403895
1,301.7432501699333,8.13625854366312,37.084604076549695,7.5977023455337145,1.7672739444404604
0,3.9300874816176186,3.657872128226934,9.45843330440103,3.256318753182412,2.924292300169559
1,315.37961804881786,5.919345778836594,53.42426722779331,5.465074829036935,2.958165236763239
0,6.247994066916512,5.112421049158237,7.0327522940692795,4.504123592968388,0.6336173684065571
0,48.95173044234084,7.108653846081576,15.59369166112591,6.122634561584209,1.8271447627004829
0,3.94833258801758,3.932967697819332,14.54381742175098,3.6568253287215353,0.7513433554859914
1,549.7562679208052,7.258557679083093,75.73918456941752,7.1377901758045965,0.9052647045879454
0,36.424842591841,8.686126381197289,28.32542219506373,8.13811875956607,1.2819559154898346
1,459.4429848042838,7.74356284216118,59.33228212590423,7.604426659509379,0.7628546201045289
1,387.03303084432264,6.506706303225448,59.48615588384035,6.151176381367317,2.3404318665453494
0,3.8939409377043512,3.8979438365846155,5.322984097285913,3.4479734476514268,1.5446120183221503
1,577.2588338019619,7.82791806464389,73.75552438809625,7.4393885761036715,2.642566997971071
1,531.7940224777298,8.696965505665817,61.15201418958921,8.404161649287195,1.4858311057559503
0,0.0,4.632410882547117,17.303649611421307,3.94880918788798,2.455979327663701
1,349.3630677985497,6.551295483222388,53.32739897647069,6.214690458487125,1.9692406656231478
0,7.5500829613454465,5.930549043901908,38.1042357556593,5.482252921116462,2.084488866246956
0,34.40255736451151,8.375887805547984,30.210594368701056,7.4868943026024155,2.385035868173358
1,208.21959304002917,7.918009229235357,25.711338457276913,6.830350487777281,2.9340320752573903
1,200.09491138020758,6.681162102735423,29.889251573811585,6.020265136034882,2.169181806110703
1,291.67610291897194,3.961620355006449,73.62669243857164,3.8424454399923875,1.5897904482462821
0,0.0,3.522675904346264,77.50521218659901,3.4655789032305395,0.9080018060652328
1,278.6402008701657,5.4871739392456576,50.780233397021874,5.1839157973581065,2.018337723975222
1,456.415109343565,7.233881819367757,63.09688273139143,6.815401124987685,2.6325810573360893
0,5.305025308533391,4.993979583892756,10.40653184039635,4.54756817458288,0.6794209239438515
0,0.0,3.8037162864932084,10.94137705167028,3.404507136529639,0.8482500822400931
1,311.7162750763314,4.9032691543907925,63.57342187935136,4.796192459210806,1.009530404485992
0,0.5636296195559982,3.641657810969741,40.96981316334332,3.2981847817164653,2.8318030319655483
1,284.12668953221,7.360830220200514,38.61284130747312,6.818528621929944,2.044717964783549
0,33.003949416749755,7.9299912041538105,25.0856313536418,7.7425789745812414,0.42276081905051904
1,146.27044847246674,3.46598295133452,42.178339126196846,3.1498797708022948,2.8138950906380775
1,366.2557226393356,6.437207108271343,57.08791582800529,5.991969390088209,2.8479325569184963
0,4.802376251725165,4.750751515768404,9.427421358178764,4.036445606546217,1.5211482172831485
0,0.0,3.519137696162413,5.170150719014494,3.0236688110365235,1.0962301167230215
0,35.560332758133235,9.471831776956202,6.6026367406735265,8.072059527244702,0.9458821568083828
1,334.78122540872323,5.657285347491409,59.178609463394025,5.453078080328548,1.5504672255041876
1,602.6872233753866,8.300964174107754,72.61220576918174,8.050687407087116,1.5833847635881262
1,402.0330779896616,6.953886006252386,57.814513609707184,6.584229341584236,2.2056423959375246
0,9.234108545767205,6.052815167775946,10.35710491458367,5.185292153287734,2.1287446308480367
0,0.0,3.670594845252122,31.512771015491,3.3271137472435943,2.142613634598513
0,29.151397417651623,7.9322599229922215,14.345119309500408,6.7504627097870955,2.1455142130612823
0,62.48234760046457,6.038331635434627,17.67063265155233,5.13695889638164,2.8820335871978977
1,495.34384933946035,6.197995004181885,79.92255922999227,5.939502517345851,2.4118892122872353
0,0.0,1.6162626106224405,72.40522206916394,1.54332515409616,2.3586783481124804
0,0.0,4.464346828159447,45.73703899621876,4.175276358359479,2.1335919201203373
0,3.580682927096653,3.791439629725251,47.89440196496608,3.6614128045574796,1.199709152178603
1,334.3166055393771,5.310075932690794,62.96833478417594,5.003058645537058,2.63260584615545
0,7.915452706435503,5.511662875169049,19.71714633287539,4.852619403919404,1.814200024179133
0,2.4218159264773504,6.462297882755565,16.92807802738669,5.5012056990785725,2.5912713303682144
0,0.0,5.3462795870508195,34.26851848389279,4.93083759200484,1.917271512743782
0,0.5092107268757873,4.520662416216452,9.512830266445022,4.244100849864694,0.40808529169860924
1,314.23310561772735,7.7100022296774515,40.7565256268037,7.326395051268965,1.4649482528813578
0,9.286281262325266,5.4891496225490535,10.251951719486623,4.692103615259658,2.0306694072113314
0,60.86415890683861,7.0455289326957775,12.462637832599349,6.175971616838463,1.2000445914904185
1,504.43617398449106,8.552098306926348,59.02385658116655,8.15337394677927,1.992887834439646
0,0.7453515903608414,5.6816489571515785,21.883369099049958,5.092036826916841,1.6744546655912065
1,446.1135580189194,7.396303243782383,60.31574740137354,7.266711997634067,0.7503751214900855
1,284.6506152822687,7.565488185848049,37.58412712473838,6.859468118053121,2.5731081221749963
1,294.1412324396475,8.067301691711911,36.46279755196767,7.510726327390396,1.8208078250709954
1,410.64388299444664,7.503959130254674,54.72424348766282,7.266835565441154,1.2555953248019796
1,301.6383927517826,7.37615923691679,40.89252538556144,6.856643215062415,2.0781729567715486
0,2.940206344761117,5.821230784835929,15.00868836944155,4.9520220813849525,2.3541446164844975
0,20.05591006211302,7.048295981102443,11.38743320095377,6.119162234879532,2.7973480111925415
0,0.0,2.321664411403367,71.35732356154121,2.201532381655916,2.665951220958539
0,27.709792921198403,6.842351669020369,12.700808730498444,6.286614466922305,0.7478592824246169
0,0.0,6.53991393589891,47.325966662528984,6.02728999407256,2.6777453971189416
0,0.0,4.282358100241517,71.59179020719291,4.0861622721555,2.36334330351816
1,244.5007238238581,5.747996928075742,42.75323160512241,5.199918730033211,2.984798020170511
1,601.8070374405004,7.677636408671873,78.40940294166612,7.320398518804045,2.634848762044852
1,201.98263769352886,7.739315595862962,25.943096088827794,6.861997201858265,2.232368816690253
1,165.0489593821803,6.021865323532964,26.97968914406673,5.22147480153196,2.9022717265673266
1,430.3003304562196,7.57548372354464,56.83818172651304,7.035772383914925,2.9219296374058596
0,0.0,1.7165246234204938,54.604417013015244,1.679624671217037,0.8483035634252842
0,6.221554243970129,4.03401030901586,68.7582095966475,3.8893180494299284,1.7649906218845826
0,0.0,1.7685227598384998,43.54128207647788,1.620994821503523,2.647892815837261
0,45.4444493116892,5.525747714357323,45.24415219815503,5.1830325481211705,2.023202480318097
1,271.9275714244396,3.9143872169706393,69.4687625588828,3.8599296981948656,0.7037077433328971
1,384.02040261035245,6.11292048179977,62.833663843185306,5.861751212693793,1.8569150717176033
0,0.0,5.590839442451739,53.09720449983406,5.284509109062005,2.097939095995838
0,4.518781124665209,4.580783365757132,18.21544042741828,4.396271269166033,0.5177629775919087
0,1.8971520956859884,4.709700269659406,43.48155132214572,4.605290387066862,0.6890135283121687
1,313.00845668073845,6.2358214788266535,50.22384992510858,5.9636416325333785,1.5727127987084404
0,13.89888200407628,3.8477869090504435,6.930966455950507,3.5187778105969274,2.6864114970956074
0,15.342718203861947,6.95743717840502,24.12779778146146,6.748884094521929,0.5142099504414833
0,0.0,3.094708118571084,55.568432872553565,3.0325323879950874,0.8117077049466341
0,11.523335838896271,5.430010168145848,17.377361785121956,4.690169842231098,1.9528814078198957
1,386.5592821983453,6.049495614139345,63.917159218130024,5.728098828636573,2.455268534655561
1,377.4546736377044,6.178742646423916,61.09328925311104,5.931810022242172,1.7590269477087155
1,508.6321326743927,7.532552954814658,67.52453727677126,7.454794096663101,0.4938428665427489
0,9.514774239722493,6.165469677069175,9.31604759672814,5.326632175299923,2.1460367258598647
1,537.945245419193,10.141458851300044,53.044167892224664,9.977815430549885,0.6154268556247495
1,239.79050618247106,8.067962945249384,29.721319869635398,7.850922191955918,0.5669638092143939
0,0.26161321852575997,4.951614503841971,19.913485547863885,4.24023920292316,2.5662343498214253
0,3.1082289986949396,4.1533762720446985,11.40175314702883,3.9363193068899727,0.4140928349874013
1,243.1710052922706,6.5840081889186015,36.93358184174353,6.424188686581779,0.6410868779891115
0,0.0,3.4417314990974357,6.421804122205348,2.968955198496789,1.4421124292485303
0,0.0,6.26606597941428,67.1884497368797,5.976578965549921,2.2353572724829065
1,187.8006663209939,9.10603480422439,20.587151867556095,8.206179914485357,1.4906443607793798
1,309.7053647931006,5.550517938862393,55.827261706667514,5.173305822571016,2.732466659455741
1,561.7275982713221,7.570855658207597,74.1960517617557,7.497157505218944,0.5196097081296865
1,579.3435629113519,8.707867333069329,66.53197741920279,8.29241015016073,2.300232813797052
1,375.33134539743776,7.124541462132364,52.68149920482533,7.012952088344463,0.5887265442103324
1,555.4307639525331,6.94809115340808,79.94140006256066,6.847104924256457,0.8351359363084048
0,0.0,5.18307101180022,6.245485707986003,4.680562896480609,2.1885404995055624
0,2.0016200762876992,3.4263042804301636,7.778760287419535,3.096234696887389,0.5584394194279299
1,323.2971768154383,6.165425801362175,52.43712193109643,5.847800936940201,1.944579498199705
1,648.5485276146721,8.486173088191054,76.42414986690345,8.248031885652672,1.5382208261766466
0,13.186410095653,6.817365832506013,19.995450719183182,5.871441848533713,2.346849416826039
0,12.094605892903516,6.77008728168415,9.915768797266981,5.812898114362863,1.229845947967307
1,484.9859843248162,7.073377117581559,68.56508529426524,6.925283636458609,1.0407369352238165
0,0.0,3.323321362494392,49.94737403502305,3.1028146641229997,2.3917296381045348
1,495.9549561550427,7.009448521723343,70.8192323087209,6.631053403832983,2.7642227737339953
0,0.0,4.7634570135495125,74.60449348253195,4.576312388723756,2.1157866221928376
1,493.82924331165754,9.597702292529096,51.49450491816147,9.035268295376715,2.1755013015705127
1,422.0399964357024,5.804834429098158,72.70572150222893,5.579943883891912,2.0337859903487305
0,0.0,4.619454469172258,22.2778705439233,3.976388138765663,2.622681720784865
1,542.0479688092813,10.121861239208567,53.55220309776798,9.936754057525278,0.7071523881828412
0,13.77244321763258,7.525336103889856,10.572432030456568,6.4045516427726215,1.755997597484808
1,181.60255163758507,5.033770115335916,36.28554613065891,4.5034212669436275,2.830577970873903
0,0.18345528196180116,3.547766036376913,55.06889180703432,3.4452384319620704,1.1544202921565905
0,7.984235126507399,5.875782913376403,32.00622013347366,5.585705510760581,1.1418849369888688
0,3.1371166445026226,2.2870381112435685,77.20401695502531,2.198736183490989,2.1515383068411893
1,392.9092901806189,6.890308814250469,57.02852963390391,6.487464311867981,2.414774600310325
0,2.989740097893053,5.868126493919776,32.25505743465719,5.601589119541368,1.0420393936314285
0,12.207055774496624,4.686572213797963,35.08923082481582,4.548042186470625,0.7445704546892502
0,1.253996344769743,4.622974930230457,52.414349433125686,4.411259209871964,1.7362318920183912
1,279.6513256666589,9.03351907888276,30.949562567089536,8.340488266201735,1.7176816780580073
1,336.7392395925095,7.588313156565346,44.363831871956926,6.983645171409584,2.564539992169593
1,260.79510554971733,6.920595054708323,37.6962093867871,6.57532571814486,1.3554231367219778
1,443.1515420040948,6.560697354788738,67.57555888468377,6.3298379029507625,1.7238380212351387
0,17.491001415256875,5.738993725710575,5.342756276458683,5.093619763160696,1.6162386843180352
1,261.06039367106695,7.166068681765837,36.43462713164773,6.708666279526553,1.689458610483901
1,407.9939046786285,5.291036799666148,77.11101500212281,5.087847304273677,2.1397579695777957
0,4.348249115350352,5.856546542996072,22.633909642982978,5.40268860943021,1.2642856111608332
1,207.18802927521241,4.5319432202924945,45.74204721568052,4.329581652451035,1.470743795670935
1,292.5176668956976,6.035454517362634,48.46655145096207,5.938320676120563,0.5684812346116626
1,257.239024670147,7.30746211907952,35.202855862074586,7.032624368270419,0.9560544185926252
0,9.106527138484612,7.021097955903115,15.458457504661705,6.533849181915068,0.7617085686602507
1,672.5916545175219,10.231166866124534,65.75024119993361,9.715036377836725,2.3927914388802582
0,26.65055209589523,7.162808602966927,23.25376726331325,6.436568739906928,1.7394836950802732
1,451.53176579809565,6.355512009557167,71.04569468503888,6.274223205948445,0.654014520420928
1,583.2813656318106,7.340120655920926,79.54575672917804,6.975962863277148,2.8454651639410398
1,599.7214057039586,8.73558735794229,68.65285729867647,8.52020690456881,1.2219742013668058
1,351.8275655801009,7.511358309683735,46.83498559656188,6.905665719048296,2.747162796657231
1,315.16343028459386,5.165174190358891,61.01699936332639,5.083840779424906,0.6990256798426154
1,335.9824315131922,5.425657657636348,61.924740448655285,5.332361144350836,0.7767302014061426
0,0.0,2.575008729118291,12.398161389346742,2.2011620806866614,2.4619824101084697
0,69.98387757796306,8.855279253163125,31.188633369115756,8.162869299738109,1.7616393093550604
0,0.0,3.855256862397415,63.973770065783974,3.6347401557370427,2.647665464411894
0,0.0,1.7605575542775076,15.530030613339555,1.5014676653438228,2.957890968478881
0,13.354814813674823,6.874543795582296,34.259021003388746,6.20389974115126,2.4550267952450464
0,11.50015170050789,4.54534016172631,5.333878767531376,4.164845679003527,2.127313828515579
0,0.0,4.339995204258319,35.25259005440506,3.8973803348687404,2.653628541175256
0,12.673751004335227,6.384233718541445,18.648101593772694,5.431867792551909,2.834202966330484
1,343.3815873138519,4.545160802889236,75.54888870732792,4.3912816542227375,1.8446518698288603
0,0.0,3.9522997577350387,28.5749439704419,3.7158554409230145,1.2255092114043646
0,0.0,1.78038048707882,5.9661899151594255,1.5900714190492586,1.890288046003457
1,398.22857336940103,9.727849642690503,40.92788378772486,8.936653627321334,2.4212072362786397
1,532.9135929655317,7.536111555339117,70.72891528525236,7.144198180810691,2.6466290022427095
0,8.511209157515076,5.491788883096642,10.925348137249207,4.705464652827829,2.2855559893582544
0,5.309700029371539,6.107464650322464,14.638570095086381,5.204045962886367,2.0799421999525305
0,0.0,4.003647705247771,29.356502587178465,3.761628476628513,1.2825962741685064
0,16.688192133102756,6.721967789935014,6.059675551945835,5.756970998389522,0.7843122876620812
0,15.842255201297409,5.2492454009728515,54.606556315605964,4.986804092070644,1.9715707227042572
1,172.2807668661662,8.628347529093233,18.91435262527356,7.34410722444027,2.862616207646512
1,286.3585337752301,4.703577120574777,60.88965698748921,4.431595101928815,2.536998765550681
0,92.31869283569536,7.9126295814302186,25.85019844484345,7.425756718182914,1.147915470399062
1,456.5717295847531,7.108235159795225,64.23137661054724,6.97947871290503,0.832812347600251
0,46.04158680409688,7.800498269162041,15.680994382931527,6.64694882453422,2.3027254229804224
0,0.0,6.984964935588374,78.84403544238678,6.746515422191538,1.9395509605811294
1,256.44772830716454,6.553749625930239,39.13025317751453,6.285927847019373,1.1469490974769088
0,0.0,3.0139807377597316,16.820428043763457,2.565235924404032,2.896252025228271
0,0.8000749172451801,4.849355409857499,13.839460296763335,4.379657285298965,0.9956017669258095
1,173.3355249035539,5.304440941427272,32.648560622473475,4.823063962667677,2.1590885513249587
1,380.957015369387,7.340232151735668,51.90409233140181,7.052375073322235,1.4696256688633715
1,218.65451073464547,7.019950212261025,31.147583181565352,6.72221537387258,0.9521814547813737
0,0.0,1.8514040512390437,69.05559434380135,1.7431411034791433,2.915341735747946
0,0.39061841403195785,3.770706088530494,29.035228666839743,3.3100217772602583,2.7575172854836754
1,355.32570178197346,5.811475103813816,61.218286128006014,5.544208690450183,2.020504898770524
1,162.53860358630834,6.015231170739778,27.021177893963245,5.807834944480901,0.6623351815626392
1,187.22366490528486,9.205645302466065,20.31276370023943,8.354431510049968,1.3750813956054055
1,151.83722338145336,6.441165932708861,23.572470338658842,6.056261663638127,1.023555161339556
0,0.0,5.035688687087121,32.84873594871051,4.744269224491274,1.37113612284248
0,0.0,3.3133445766768186,5.6558463109522865,3.0420949635688275,2.3119816787799183
0,40.115925619670016,8.350038786164596,24.172195547043664,7.512674025870908,1.791826720248015
1,196.58764352240738,5.444745456080007,36.105938319338605,5.300611733425564,0.6914860616196868
0,0.0,6.26817258940533,24.12495533168774,5.402297583123751,2.7922744001357596
1,237.2784471593363,6.427464160327269,36.953681340100935,6.072587596288465,1.473139523661561
0,12.636656536525107,7.911630988420961,6.3555146568444165,6.86194475718803,0.6868799409890167
0,80.34596751732599,8.205241687005255,19.652055230588807,6.983773090118198,2.942182582546304
1,233.1921621910728,6.996163134694965,33.324316337961406,6.4606405036398264,1.8372905743505505
0,21.688782327569502,5.076741174349822,42.923313673084635,4.819350495154918,1.5774263792921976
0,0.0,2.8122260579590233,32.39168657672546,2.637839336194487,1.4468891363026346
1,242.2327672799579,5.809783813731275,41.66861254769117,5.3069169140854076,2.626905540032962
1,296.6137613988572,7.005325334592088,42.33771496167209,6.515415354817219,2.134802254546692
0,0.0,2.3316355674219484,10.335768926392305,2.055096187486279,2.9406646056964636
1,312.9792340395147,8.077194222752453,38.74874865343941,7.659147649516557,1.4463400429412805
1,577.7634434358499,8.128387742538994,71.07978860862323,7.857512458436024,1.7018671833018062
1,316.78472937246147,4.061648572837146,77.99463077785465,3.9068022164236464,2.143113396390527
0,0.0,3.790803576262197,40.479990777687405,3.7200242194707744,0.5555905070105948
1,339.2279238824412,6.00642715569234,56.477552484117574,5.884934223686356,0.816270190843602
0,2.9627125518841475,4.20406605274415,7.9166827765541985,3.7201730918218066,2.3162625511905937
0,79.29730869137747,9.674167940344239,26.04991609386201,8.39410794717786,2.7899519118558462
0,0.0,4.197646376148386,55.577671938494895,3.9031290085689734,2.825441825898733
0,2.0029188949173027,5.191937058093363,5.1975292418531165,4.437368389464501,0.6895432902048704
1,391.5092071909199,5.626275195683133,69.58594747728795,5.461804182598775,1.4625615906591674
1,355.723061110192,4.542625819331089,78.30780593823441,4.505756622762922,0.4611956596335211
0,0.0,3.079045133122485,19.08980511193048,2.6214800033887222,2.793866064947315
1,315.16443469988445,5.292472639690183,59.5495789598921,5.178195880903571,0.9273491981320464
0,26.9225778771126,6.817571263938446,26.93054602785302,6.55842138509335,0.7319702163016223
1,449.44221089616593,6.255879857679622,71.84316600642978,6.118550499589577,1.1353083250810045
1,419.02138709279916,5.9399796538128165,70.54259058988082,5.8429780790808685,0.8284334763343444
0,0.0,2.9700072758297424,19.75975510443387,2.5395152844327877,2.6154933739072725
1,185.76332850118715,6.586743327243498,28.1467675127643,5.76898389861639,2.720401168188861
0,0.0,2.162484782382816,20.39704628857665,1.8461514579615557,2.7762995541770685
0,0.30831573884226615,5.156747435689995,11.470939113803992,4.41665919839327,2.387969459613227
1,364.87448470432537,8.78773380148501,41.52088501420822,8.615522918134934,0.5941655033855056
0,1.6813160059828187,4.61098788288509,18.915881190472255,4.158837280387968,1.3504973915518117
1,372.7775629021241,6.027640717387367,61.95455780232372,5.695348180837985,2.465467101039722
1,464.06011860507164,6.839110986529619,67.87344050368839,6.571826816233331,1.921243675276529
1,228.1636990713344,4.788283487710474,47.650603210620986,4.562006682577988,1.6245529640979317
0,35.13234809996914,6.148023984974425,10.0301103984836,5.363151491575328,1.0030918857160347
0,0.0,2.555064580657934,14.86983237258891,2.187701688881613,1.8855479560298707
1,387.22500199214556,9.87786469833286,39.20127888974148,9.454309810526352,1.2129714841464945
1,412.26754472329657,5.332306873150798,77.31709292178802,5.167530639555426,1.7292278952005553
0,0.8859464967333147,4.132448453076203,22.470834649061633,3.6883908656900948,1.8047864677235914
1,428.8744097872434,7.719627668349129,55.55635947942936,7.573603467062564,0.76025336859374
0,0.0,3.240463375510792,28.70834630659128,2.8960023881126036,2.269961978573191
1,416.7315844182628,6.655702736730929,62.63883229812059,6.422471332942313,1.596370236548612
0,31.737495660908507,8.249751046306034,13.160359590693705,7.01805126585347,2.199897322740297
1,277.8857469443224,4.414734638633027,62.94659165089852,4.277737368457407,1.4078713536262413
1,383.18470348984044,8.44710008961177,45.36450526578249,7.935433438801541,1.9874574065252384
1,252.70740945907914,4.693486046695391,53.84235292017629,4.365638494018473,2.7141682151936175
0,24.086502640749718,7.831936868118195,18.90833384897875,7.4679149249665295,0.6367414715701675
1,300.9117962004667,8.394274218905046,35.82639151787989,7.625190821157092,2.3866377528269243
1,207.9138644344664,5.181087253196814,40.129389368735495,4.963862067378839,1.2068349429870682
1,394.8525469618439,5.960607159924961,66.24367893535442,5.888846791448001,0.5731154676388829
1,399.0231895639917,5.808702108243881,68.69747089012247,5.548633833857892,2.217875887960772
0,0.0,2.7124903873556128,54.55091340550222,2.5576155193078196,2.2474796208571672
0,58.59706952236532,8.855930196132851,20.60944757188159,7.560757225553357,2.817645530291968
1,408.62541105570153,6.943387320327122,58.851019281837985,6.779807551502543,1.0004575309160653
0,1.0601924746302764,3.943090125829086,5.918762832297498,3.416686894856737,1.4045855291473015
1,197.06051890238285,5.277914253208981,37.336703256837005,5.003374657594077,1.4128851641891846
1,539.2108201837138,9.759714562089501,55.24862987578504,9.414811305825417,1.4079682179490405
1,261.79123493603083,3.6425584511118414,71.87015347855917,3.601305296648196,0.5766104905474595
0,8.920714355357843,6.617308795323965,13.395571449289164,6.017009289957454,0.8843386200027659
1,294.8760187313179,5.322713637626384,55.400708735882745,5.0361743734344895,2.1517538865240415
0,10.079556658624117,5.77660570075658,24.21810079054969,5.30936246560295,1.4093498157742022
1,467.88817698092146,6.738517012121235,69.88189407923319,6.353919249166856,2.887793310281964
1,309.1638056129507,4.211563821915946,73.41316484574281,4.05610475457907,1.9591465024927937
0,0.0,2.868568905339352,54.12833727302512,2.819243974643742,0.6812533388112798
0,6.020384108839003,5.869152660383245,8.832015030156395,5.377659124116252,0.5309927889413416
1,330.7982806216057,6.6210155766093335,49.961652842723225,6.198937237692366,2.302458262626233
1,186.27666521843548,5.824483933958687,31.989366178401458,5.450322835272337,1.4798731683081194
1,229.5485436773371,4.536293801515197,50.60266972503657,4.395890127199297,1.130640035443378
0,0.0,2.7434381654987754,61.37379093043697,2.636254276415927,1.7209552410627076
0,7.845795709602576,5.811468527386148,21.146538126028556,5.4848700078657275,0.856209110425266
0,6.08409977013138,4.8733830693788756,20.63182854773027,4.464004611099573,1.267692284220735
0,12.011109809364214,6.138970378001853,25.464461308133945,5.811424182062186,0.9848223721431288
0,25.68235041501723,6.921448779668185,29.092425298508935,6.603815484549272,0.9605990507777439
1,471.58952643942393,9.61141047255778,49.05648179326895,8.867114661768198,2.751055184712202
0,0.0,2.8230083303351794,18.531010461039912,2.5095213284504743,1.5540269931614188
0,1.5556473100915011,4.177705283233742,61.449530388840586,4.113435608029871,0.6817390367640133
1,448.48128233028893,8.437194202132135,53.15583786645521,8.201256638695643,1.0571612919316815
1,479.37989397124,6.382743595564966,75.1140346950383,6.052535426278474,2.807843297454379
1,386.6800816600991,6.048821862556315,63.98836526249214,5.736900866965295,2.376606308822176
1,372.9649666112322,5.157971664118424,72.31198513242845,4.949858696753359,2.1086155615732154
1,388.8118617061118,6.2133655078258805,62.589619936409875,5.825332430011069,2.817614038328525
1,265.68226247068384,6.410552327812348,41.485167559335636,5.842339602092254,2.671233302880742
0,0.0,3.762572337971011,68.62807889642454,3.55808841138119,2.699732979363525
0,0.0,4.386665509569944,62.086148377960384,4.1534448016372,2.37677641347128
1,464.6724467377078,7.891631120566846,58.88209016168142,7.559383850356319,1.7823042996827771
1,327.60735109720065,6.282529793652022,52.14751430719646,5.9686526627265195,1.8785926538014208
0,17.389229275582007,5.170591317746024,13.442945669618469,4.40464699500334,2.4650266729324484
1,498.2808542310097,6.863456399420087,72.5991419517932,6.73411264220798,0.9866352332427003
1,154.322760159386,4.943801056997024,31.211198441273652,4.587877737751567,1.627187737557632
1,251.5191514523052,5.300034458905737,47.45626440071814,5.116500853254968,1.1875342697577609
1,449.71906225690395,5.704311535957167,79.01822239592686,5.443498887476513,2.595747048151122
1,341.55236895585864,7.239663047203809,47.192211987249415,6.95854519849921,1.3192660840091945
0,0.0,4.301052765067725,69.65310420123649,4.249391653623529,0.6046495694564569
1,494.8207048480995,6.652265060750892,74.39712341433571,6.345572789860477,2.473260773492304
1,412.41314230452736,7.018427049635925,58.76147737774397,6.950470151113286,0.41455755816251016
0,1.3123337870615048,4.165130947465189,20.18485590807998,3.890958808863853,0.9544006715986192
0,5.047207198414276,4.088836505672017,6.274036836385985,3.47321751424229,0.963143177135408
1,466.17822229905585,6.315220842219247,73.82256206469,6.111532322445035,1.7251801463464065
0,0.6021169860120084,5.882906232230156,31.923934912664368,5.25086462498271,2.544094591972839
1,321.8574105035333,4.3254877538950405,74.41716488595891,4.159853754845404,2.0612846914016143
0,0.0,3.9623064294505723,6.043092433828564,3.7039853814999257,2.899722102147433
0,17.086098023747788,6.746759907755021,28.43872522622762,6.43288277999228,0.9507311219288416
1,209.49868545624258,6.438151383361035,32.49942227318736,5.836316164310847,2.219405362273743
1,114.77675965953362,7.055325298730093,15.500691574759895,6.025738301028792,2.093748859679405
0,0.0,4.118939368084657,8.461714842494114,3.678336273935948,2.685712132786091
0,15.24627619137773,6.502145686971979,9.221247834704592,5.592261003861822,2.0434767783094236
0,0.0,3.1125684636415847,73.14400462949536,2.944637320243942,2.8449852880072526
1,662.8115554025371,8.457018920317232,78.38979530039911,8.157835543758754,1.9970278834033857
1,364.4949700413853,5.286920318644234,68.98487097388104,5.065213041581733,2.081769483144578
0,3.0622775353400407,4.389650027535592,37.46312320196736,3.9217232480957267,2.9728173638144546
0,10.585081704633069,6.429590063635213,11.209332659432452,5.858848198540882,0.711237870759523
0,0.0,1.6633981524019485,66.2572813436999,1.5986117206847927,1.8639548304310884
1,517.7407818147095,6.763038621891771,76.55854767630038,6.506214825986486,2.1000072224155155
0,9.590609687350154,3.9773228190244603,50.57846548132277,3.9301834744531434,0.42486763142989914
1,251.17279867777353,4.68904671122325,53.62950441643295,4.414725904227031,2.2731383885075265
1,443.967880842619,5.75092812540828,77.20096874860434,5.617142623900039,1.29582605641591
0,0.0,3.6087097009606506,41.430372866330075,3.498554947716735,0.9055861297061256
0,0.0,4.360595706841756,33.68743796174489,3.8797665379910877,2.7938280674834988
1,247.8364329035328,6.339267861289815,39.04053414943466,5.727158666485388,2.775893231701177
0,75.67935017643052,8.407104102266366,18.15557623712857,7.1505610898179786,2.873173478147391
0,0.0,2.5394271199122085,20.46375540268181,2.2184300924050646,2.017212548057315
0,0.0,4.581737499237863,40.32989021215012,4.417101177588371,1.055362726944387
0,8.945964579298424,4.015917401012727,25.39374007852497,3.8568849350478898,0.7398528062163425
0,52.87210211544049,7.869427638356063,25.65024167684827,7.28030087240677,1.3885257232656603
0,18.987946874710552,6.436912757874955,18.037889058725078,5.5303743362143205,2.1853474959664467
1,338.27434119341075,4.66347498639074,72.5369699561302,4.61768956081036,0.5090891438089546
0,0.0,5.098481203455147,20.824036232007288,4.723518289853171,1.0988873424843755
0,18.809149127070015,8.097106185332484,13.991741000403863,6.9172217326652925,1.870352670064931
1,213.02242395319004,5.632868620648698,37.81775684799561,5.415847715204845,1.0569542001820693
1,391.7785979825385,8.04674575225726,48.68464485851021,7.384365256858631,2.900833563882309
1,338.49212173083754,7.840026963538937,43.172619682628834,7.31792457964791,2.0670529129917075
1,345.50891268027,5.997619267419121,57.60767685891279,5.938430268559329,0.4128862461117807
0,0.0,1.9279706223387147,5.082089616649622,1.8021868256050737,2.4135097460628057
1,302.6612306054196,6.2448761286189,48.46552987959837,6.118171166070226,0.7147072509718254
1,453.54633228089244,5.975454679388669,75.90156247196508,5.874217285420467,0.9281476979001946
1,257.88626297805763,3.88833159363497,66.32349017289636,3.8121338609017306,0.9456871226731796
1,348.0094915810834,6.885742856963425,50.54065065936985,6.615761732914409,1.4263177219073744
1,481.7616663225135,6.551167310468289,73.69213929217743,6.237739231175624,2.5407051988856435
1,605.1029331812231,9.624698972150382,62.873126331668935,9.25629271464886,1.7437080232857571
0,0.0,4.296760564897464,58.13832071215451,4.054679762206654,2.3594240338422825
1,411.3259150553546,5.284187413863761,77.84091076004694,5.173124378945594,1.1769929481699903
0,0.0,4.908786436113563,72.27816626921665,4.782551701643086,1.3504132630067174
0,7.193553875113386,4.605710046987958,23.544937500805595,4.3506220994909635,0.939109380055276
1,214.57589634122002,5.093126797317014,42.13111772544478,4.900182287287284,1.1450433973716876
1,352.2169299180682,4.790851754279638,73.51864601215199,4.697648905383926,1.0208301796181494
0,0.0,2.942641459905275,25.401555960871672,2.604893428678336,2.2056096513427526
0,4.062150517293654,4.607816993505159,40.37213141082928,4.5368076836035724,0.43905706972801684
0,0.0,4.590021500230816,49.8927257559154,4.525018709749645,0.5071969374293526
1,481.2625492359273,6.964560077065993,69.10363223502527,6.666575193503932,2.1174666474508914
0,13.25105339767822,6.262030098970488,35.7234929574376,6.060115670055541,0.8388286862946062
1,270.52384287005566,4.7844316218744956,56.579886269790336,4.556529680865109,1.953916379397059
0,0.0,3.07602210369045,75.35548268706081,2.940542078977562,2.395943601077785
0,0.0,4.801655889223489,7.122587093900018,4.178710325553565,0.7247509169482171
1,401.1695512322558,7.133053635846128,56.24092733808094,7.05359087682515,0.44873055842543325
0,0.0,2.8144236781377954,37.39577652845666,2.713352640183566,0.9673305759246249
0,27.086379915465738,7.089036921465918,23.545274937527896,6.089086963014262,2.8714944494739045
1,445.4397684345457,6.819042001630952,65.32674911426014,6.547378678976457,1.8696161496404646
0,0.0,4.750029262081631,18.60816004998199,4.247344950421057,1.4645636023895117
1,256.78052272385753,4.349786915233938,59.45024526077215,4.0488335128710204,2.970772365423607
1,474.66353743468267,7.072411067210992,67.16751827207699,6.641195284865501,2.960772693805113
0,38.67666846071769,9.152139648345736,16.044279874256723,8.005089866441743,1.5710577806850838
1,393.8827962080003,6.073755602384725,64.8500050343296,5.910191299231636,1.2597234979626686
1,346.0151440676762,6.78518902967142,50.99614566311622,6.490610108423247,1.5957931973416395
0,12.790351379106218,6.19197953779191,13.473534770848875,5.2869460953449225,2.64616413017494
0,0.0,3.1168162524406657,32.208277646901905,2.8871159682444962,1.7184402193449673
1,292.8810946776813,5.55947247199672,52.68145728353937,5.416628752275642,0.9700600061089931
0,14.708043059352505,5.84283132492402,10.816826777906293,5.096332722996362,2.767845549498384
1,332.7263510376143,5.853414114833566,56.847474683461996,5.634422351771405,1.5333302663509758
1,422.9665612001839,8.149062778639447,51.90370655953335,8.002637759653808,0.6739793721098684
0,0.0,4.597136442552117,18.35724915415235,3.949061855454971,2.2435546293198882
1,294.37757137728795,7.296116386880371,40.34909594823762,6.83227666471361,1.8510599888368247
0,0.0,3.4263206884488744,24.95609812989086,3.2070422882878127,1.1547132396810462
1,492.0618112666557,6.637731479045725,74.13690567867255,6.314449115403824,2.6166785640048933
1,192.35672951461996,4.102354958476687,46.88935586553431,3.967612187597049,1.1241701442662206
0,0.0,5.42029164450007,59.01481642656671,5.254518222820637,1.3069733813044613
0,0.0,3.4990354668494645,10.601814537231204,2.978137950452724,1.8640545118470526
1,277.6817073334173,6.503642405291792,42.69087212603117,6.018115401233387,2.301533746476534
1,389.3517756037659,5.366746112605028,72.5499173270225,5.109249655425594,2.5109988255749127
0,20.64467260587181,6.672173750225138,21.1419094499794,5.913489118096402,1.8104448011012213
0,4.0978576602769925,4.379978091992188,7.631666176308034,3.9950254096972015,2.9216902377162883
0,19.613138964874363,7.618059124006238,18.640546122437534,6.865703921484021,1.3494412851017283
0,0.0,4.208783133223345,74.85892556426793,4.161647928615378,0.6079361753722489
1,419.6586031685407,5.820748537260176,72.11333175292094,5.622673828425879,1.7746466953530562
1,507.024324561689,7.3678032506766735,68.81621396847538,7.229895422315291,0.9173981841886678
0,5.529543480220813,4.089782159999903,5.728839772937629,3.844831047195591,2.924329574171097
1,308.41809828230384,7.184530866820423,42.92809010072976,6.825771745036684,1.5392375755576935
0,0.0,4.096525131499123,25.115382672095677,3.640886617362953,2.100789674340061
1,637.3240873392583,8.396052829315357,75.92585884153851,7.994661020168095,2.6105286546094795
0,7.129333504274008,6.346466805370966,25.06953910087984,5.6030642211006185,2.2233308566141803
1,326.74919719872514,5.3962806455640315,60.55090053790827,5.226315024124362,1.3759991098855942
1,370.11603464754654,6.996789212672256,52.918894015927094,6.598023748592633,2.1820092647233933
0,19.21027578736462,5.507250146698396,31.479296325191125,5.14062452539715,1.5064407645933033
1,333.0200317365447,6.733308006790185,49.458606590480215,6.558767501595381,0.9277929642798582
1,412.2340288480936,7.287962327107709,56.66173491903581,6.7796434409528,2.8582016177912797
0,1.505873877616195,4.035478773626865,35.202775569799414,3.5959537814004463,2.84550413711796
0,17.81486297179317,6.589712753994867,17.04920687023471,5.608035345694179,2.992386702303028
1,340.44803787578917,7.48234268739796,45.50680588140118,7.1711229043940685,1.367616738331807
1,453.7153499939625,6.007781168287735,75.52128436183995,5.946098147621578,0.5668208544746501
0,0.6836154712878888,3.471530859223833,69.27275690317893,3.4179294739574897,0.7620195596484958
1,441.61344945150483,5.704586536741712,77.41518866019445,5.562208493066795,1.398978741999919
1,697.7082604867003,8.853296574333394,78.80774888943655,8.607141160602767,1.5832463446594507
0,0.0,1.9486665484752637,5.681017821931029,1.802477755102161,2.468711037604219
0,0.0,2.1620419638242456,76.83089360171383,2.105579517440774,1.4579082365722833
1,319.35930994641757,5.966745757748067,53.52322660873928,5.788452424792708,1.1445879304982607
1,211.31781064405246,5.033886366348356,41.940231855103335,4.576555405719334,2.790324701884357
1,369.9183155188574,6.701778635075063,55.197062944859056,6.517409029494386,1.0943353494113435
0,0.0,2.7795678124803223,45.785086815387274,2.546523490260645,2.7963979767663467
1,188.4675542102234,5.099874711247037,36.955330254405155,5.008832009105432,0.4777636761101178
1,290.19243104862,5.295944748333154,54.79486617593218,4.971764950187313,2.418780065929109
0,0.0,1.5585097070654053,11.826868867820703,1.3260886669755696,2.117976252922705
0,2.261803119131045,5.070823647350174,24.57220203789948,4.5364703164540945,1.9282389840359397
0,2.9129416471642253,4.65588748429411,37.34353343189173,4.2956423463579,2.088838839833135
1,455.1891986215936,6.855518444355689,66.52235407122345,6.555521035332289,2.0907610665151766
0,1.5948061779250295,5.102915229707676,18.34476454602199,4.340626711674085,2.8195587010079417
1,393.86410993636434,8.435809599541674,46.68918881059726,7.897994284118647,2.1449673987822098
0,18.052224124217705,7.670558210052171,9.974431135065245,7.120285966102536,0.5246920597349887
0,29.746598003934583,6.24331812599858,12.79880427298951,5.309453466444381,2.0218477206272
1,231.88366344117995,3.899083880169708,59.471319563176564,3.8609807090013786,0.42679895473122953
0,0.0,5.01846522773067,46.44434273135845,4.794507282897603,1.4932312087861295
1,385.93769614285986,5.975486917564958,64.58693040459164,5.756676070694413,1.7016577393139434
1,339.83514061200066,6.866550140509784,49.565194363935134,6.4714190511069685,2.046676605244532
0,0.5490885771907827,3.457374177601078,69.32259523795605,3.3588238968569275,1.416058625132969
1,280.0472315106028,7.051426204257888,39.71244426135837,6.546361325568594,2.0591343735579066
0,0.0,2.457905832045159,54.56896349274635,2.401631828569007,0.9077740568975753
0,0.0,4.877718857795179,37.772491619158984,4.403471381373661,2.700816448169502
0,0.0,6.425421140350906,51.946436370128836,5.993009744896817,2.522979995678547
1,326.8805374053118,7.141892698737147,45.76945536854522,6.960113835136339,0.8470127428684069
1,558.500969122477,7.451266198258353,74.95509706202964,7.329817149686463,0.883066249072526
1,469.8822638715513,7.610021412434772,61.74520233561624,7.409855738694378,1.1698873058931547
0,0.0,4.994518375080637,48.0656615194191,4.793801484800294,1.3985765810488826
0,0.0,3.3617345651884505,46.871087477428176,3.0859069413780342,2.7946215615835266
1,307.65384406557587,5.041066890609683,61.03472110831517,4.828268913277577,1.8534920929624343
1,597.1160290254663,7.659197097696577,77.96187353360683,7.375561474220179,2.086552990922843
0,0.0,3.8910728405179222,52.072930224882725,3.643741767854484,2.396180994319062
1,329.1891514289767,5.17469303223507,63.61522052302928,5.069293278116729,0.9399562556494258
1,430.1380913697828,6.130191495171358,70.16798709720544,5.830168238862369,2.4831433994620293
0,0.0,2.7514302294117745,60.977445338716365,2.6724873125280437,1.254358964118201
1,329.9847208190394,4.162414737354274,79.27734222111187,4.055523321176499,1.4779052364199234
0,18.269112547182207,6.583423842791686,15.44580634885373,5.644139043755145,1.9392407167612906
0,0.0,3.296540631185565,56.141641849174995,3.201189536621203,1.185491793271972
1,203.21289343308436,5.398141732093843,37.72725775483538,4.931665384644208,2.361845654670641
0,21.859843025939345,6.273138893777344,16.101232963411462,5.944366551139596,0.6091603100721354
0,16.72922043891677,6.439410904286396,17.374273591339822,5.777488398699894,1.3106844064620797
1,292.80412142128,4.765944602360245,61.43935178915162,4.5934869031040995,1.600153940700228
0,0.0,2.186944490856763,74.32009466154209,2.1018073455988016,2.0937354376657384
0,0.0,1.553352671515127,52.62895651949662,1.496829205328844,1.3743788217920287
0,17.398740263985776,5.9507161980719125,19.700112812682775,5.448954216524576,1.2056118634878148
0,10.76260167084898,4.8913150188455825,15.830253933801885,4.696683278694609,0.4478659589161241
0,22.63305359446868,6.431624046208431,16.49931110218415,5.469215961588295,2.6973098218792537
0,0.0,4.486852653984796,18.61812790549343,3.9470134110173998,1.7285767097535172
1,583.9378447245422,8.135758267007628,71.7742373310985,8.03455655862221,0.6525347424315374
0,16.095602978659933,6.1802087586523236,47.30584098440261,5.8401424903737125,1.8636688283113858
1,148.64665679419028,8.334323162720281,17.831547454690448,7.6973853557373895,0.9800609443090843
0,2.623683956679388,5.423115527238967,29.630003825406824,5.006046822868304,1.658093593001058
1,336.487406354706,7.0592108044602835,47.66753241980387,6.817745481079542,1.1820361864032802
1,442.1595195705089,6.338531217819915,69.75743855750297,6.269392067385832,0.5337726987892512
0,0.0,4.643612790579893,8.376723711481935,3.9736641346952797,1.663258357870777
1,345.1110806706906,6.076092748828173,56.8243608197231,5.790691594825427,1.9333403413058243
1,362.3356246676513,8.309622247676478,43.60433249289267,7.937940421139019,1.4082994409693907
1,354.67691087337494,4.87600401336622,72.73934991730236,4.808468615053367,0.7230536820031923
1,187.8271240232695,4.245916698668538,44.2261909829422,3.91103634051765,2.5336505241072524
1,692.4839829759067,9.273631172259469,74.68063570163218,8.886991387874975,2.2396095042995694
1,416.060827283966,6.64923903606914,62.573998657647394,6.230550960596035,2.8512295586696355
0,21.57065543150305,4.089128889171547,55.4329979743806,3.97252602098379,1.151433572185926
0,1.9860808179999154,5.10103327985457,8.967589438453189,4.391141144125127,1.0726811749022358
1,416.004433664622,7.553270374107377,55.07606812392035,7.434022604207085,0.6188838576909297
0,6.443944512916019,5.15793213028711,13.36390178616908,4.401312706765395,2.531988478063332
1,147.0947878190585,7.126812489832849,20.639632097015273,6.92679945703328,0.41437383985048987
1,323.7623017992968,6.6823503082318165,48.45036359420246,6.565400480681939,0.611702199746286
0,7.360709083006442,4.479715435142287,28.744553014637276,4.358712132114048,0.5582529552566944
1,315.19655883212465,5.444667427606575,57.893880309853536,5.15676861500287,2.2064188722488187
1,424.92550428308783,7.10917808854647,59.78460349239704,6.624604503012334,2.93776646614239
0,41.24322279444881,7.491736639196922,20.455125320461235,6.394303832093635,2.8094149658120844
1,275.52748531727906,6.370270285600371,43.25208712172288,6.27581983529025,0.4634023813869942
1,225.61974047825643,4.108907713657522,54.910324160439565,3.9181093767085478,1.8426847827644508
0,12.123964268179442,5.422606303173453,30.24352846145156,4.971393009361905,1.823392609367117
0,1.223100942722919,4.139658456912301,36.712072487201056,3.823203482727741,2.0340118451307836
0,0.854836457657514,5.259030591841262,12.320551858447349,4.62474445693305,1.1311547037586163
0,12.975552896633738,7.094798763597373,11.928409148661439,6.044374906441962,1.777480018047537
0,11.400692253111137,5.28646080419824,27.678458280563092,4.7757366227704185,1.9527817077605825
0,0.0,2.64653801765281,32.62372260728645,2.378585673918122,2.425894648318058
0,6.152503088420072,4.638878359197925,27.933246729488623,4.353671866277072,1.2339797214423753
0,8.865310244627283,5.066299520864628,8.62622021129269,4.6902449441073015,0.4554625050185671
0,0.0,5.39842578824281,57.11657960156696,5.124099811147859,2.099142448583084
0,0.0,5.577913128752344,13.403513915696848,4.83097792942788,1.4687935953945601
1,189.3368021380522,7.180235057686179,26.343307143918643,6.5323564128575695,1.7296751367167271
0,0.11270821044170354,4.415155583032554,25.673566398533904,3.953405395736663,1.9970086812265784
1,327.23996732986,6.106487539459991,53.58890425436865,6.005394326145568,0.6361149775322212
0,0.0,4.094398010677201,7.355044250394423,3.757501535083654,2.9581357143462728
1,237.73143238201513,4.865918816516886,48.85643212587601,4.7317620663464535,0.9738704557541883
0,0.0,3.6913107108405696,17.63838969486707,3.2935041668306737,1.4118145069072146
1,339.53762775780416,7.859900771468809,43.20365209132322,7.548565540866131,1.2357017662377467
1,451.15173722063355,6.78554369418411,66.4871906687255,6.669181756928721,0.8180141810889556
1,412.86350348516885,10.733388520756899,38.46489769584301,9.994646735859323,1.9166025102399047
0,5.066719117545847,4.735162654743633,31.368909606557782,4.234952669802551,2.4654653920316663
0,3.9858915869532745,5.786098310533773,24.50819746390954,5.071271289742629,2.3562686137378757
1,366.0641883962439,8.54558208102882,42.85801669332728,7.982819852715588,2.0400244785005097
1,555.8733317337825,6.958164614930801,79.88831337639458,6.6850775035640675,2.274419830744506
1,363.37184752697027,5.079922612302413,71.53784229679951,4.796701873752906,2.8735444103467
1,358.8704246318102,5.6253894418098636,63.88082382312536,5.272152537445115,2.8888554732059393
1,276.2373236061076,7.542430115323171,36.62073588359921,7.003286441513403,1.8821491132330026
0,0.0,2.6847767227351356,25.125866662140027,2.5658092929655565,0.795212271709587
1,323.3148580418338,4.073250790503026,79.3751416239106,4.025632639837118,0.6781986831440736
1,433.4283686668973,6.723989161417283,64.46000406358024,6.596648785768374,0.884099041129679
1,639.9777233794815,9.176745096574498,69.73907613909462,9.105153304544562,0.4062507041080258
1,444.95389247306707,8.535030616343454,52.13266514831568,8.315508641727552,0.9613009754352744
0,10.471504573495013,6.12916443547941,10.084244049003864,5.256501032865609,2.0815524837536294
0,0.0,3.2718282044419023,7.443888405307646,2.8832944210024376,2.1120557399875692
1,472.0444248874624,6.033253796964205,78.24128075654912,5.922149024673735,1.0363484523747564
0,0.0,3.803049935846651,23.442730056383276,3.270843470292842,2.803583887049054
0,2.427605998454638,4.128092719615826,7.64575102708703,3.5913768931236905,0.7926698110864527
0,7.72161762867099,5.227390372261276,26.848994086255317,4.544712361957308,2.8109071485174395
0,0.0,4.1574559893448715,22.374559918590073,3.8366008667245475,1.2571665342024283
0,0.0,4.100789637816943,65.68864299195091,3.841119835409575,2.9984313599137296
1,328.37179697186485,5.665640664837332,57.95846506575419,5.5300268819074825,0.9864238251354774
1,449.2862585275733,5.904664121398459,76.09382103336755,5.65008261387331,2.3645932661333826
1,246.26466706260527,5.948367673889476,41.400377320528136,5.739434194194707,1.04909300316207
1,234.26228545289143,7.69284249716547,30.45000272436885,7.136590865005729,1.5911084278629444
0,0.0,5.085019623926777,48.020603863088105,4.889349775095772,1.3397910781162499
0,4.816723832321684,5.230451739099091,9.014895124908637,4.517540034572985,2.0698340681546767
1,244.2710276558722,5.507050446453264,44.33447699174248,5.022239167995695,2.8341763179304187
1,473.8709302871368,6.122351057549119,77.40015654705923,6.056050689367228,0.6047198201650494
0,0.0,3.3249754788728003,57.80617416475465,3.1500610778186644,2.1957527581734166
0,0.0,2.540152349764867,40.098163301561456,2.400788924771573,1.5865412213580425
0,0.0,2.724118139447214,8.84559706115148,2.445351170969204,2.9448060482922447
1,411.834871582773,8.048957581263902,51.166237234207166,7.789584815830603,1.1948281588162837
1,459.1808005353397,7.276606909852856,63.106679912775434,7.086776938843608,1.1898726055408186
1,455.759438223908,6.447394032668444,70.73981813791325,6.1434237480023715,2.402503435730138
1,418.3762101976719,7.2391259198833335,57.793931898569326,6.856804632274565,2.1999696804326345
0,0.0,5.641432906040617,74.21369293459503,5.406738128209579,2.231636375647563
0,5.107434271185011,4.95771936642442,20.079879600000766,4.633145962278769,0.9584053442640043
0,23.92287212152239,5.594285751099523,25.65504730733133,4.933548985907523,2.3145659429733505
0,14.039740695417567,6.928631478788268,8.777383177417775,5.946810036816472,1.8866896970497726
1,184.83906538396766,6.443196316203041,28.689372924657263,6.168716394336822,0.8781264755022087
0,5.25299964556286,6.384194573062574,9.17111679324205,5.802508818257051,0.6160246520358093
1,320.19798492109425,7.681627160675208,41.68361613742614,7.270577435395996,1.60384316854456
1,523.8664841179979,8.273850977766159,63.31675393579277,7.881733657590994,2.170090895627436
1,647.1399274484877,8.498894269436734,76.14452682218165,8.13832939286288,2.344943403811622
1,299.9378266727403,5.281961384648245,56.785322692326574,5.085131748111071,1.5382053585166915
1,293.54590635140414,4.299009683105988,68.2843953990169,4.154756883448775,1.6475496430179168
0,1.1649099700175907,4.82272870174855,20.063678972989926,4.177675308544426,2.171781356132986
1,271.2001776428067,5.341197312975462,50.77644903139517,5.212071480118286,0.8773951626262861
0,0.0,2.9722257145361826,71.59900238418729,2.9357285984523496,0.6338933359611213
1,270.19251055791534,7.81367515881703,34.64450740957949,7.003945729106853,2.6536655281290837
0,9.990235092454597,4.154494940973105,43.94648730500937,3.914230253699324,1.8325995003244597
0,0.0,4.626024797693987,20.732903187918968,4.333700929950197,0.9401528526807089
0,0.0,3.2061992961459445,25.30503361922159,2.832749234521388,2.2411081221984355
0,6.0923497711709995,6.452290895022078,8.70570113523627,5.496523409920729,1.2688936433827307
1,307.5752338549689,3.9066172525196494,78.78266687954815,3.7404234457241783,2.4119254472029596
1,535.3700608188228,6.7597600966270015,79.19964031827456,6.6136569638514455,1.2346864351322089
0,27.90586577010222,6.992458168947714,25.731181436832102,6.334460337930361,1.7639742611267581
1,382.116782570473,6.248161145016898,61.15788742395126,5.914569787513502,2.3581195343359265
0,25.981304215900934,6.792412549463562,18.100293390043003,6.392504200560579,0.7690022394836046
1,292.1624659163902,5.942013440568007,49.41362374325016,5.4556318588454955,2.936279289667576
1,313.91860659691264,6.923383776502887,45.406206502458396,6.523521830316929,1.8940522387740635
1,323.7919328750239,7.514018559278585,43.09126154016206,7.056495234163612,1.890547097019017
1,481.55708757736295,6.554211670094411,73.47292397587141,6.449216465670558,0.8570400839279739
0,0.0,5.13747453256047,72.76061097488427,4.850531341874702,2.9352873960319643
1,293.6448868812104,4.043492207613409,72.624187788616,3.923939055507452,1.540169240577637
1,316.4917310249037,8.530656414870787,37.040102925182644,7.670329273755845,2.7486599196680603
1,325.11074011560754,8.315560083686261,39.09667379441754,8.059344001226066,0.8677827037623493
1,418.3617493020113,6.8237128577168065,61.30998743964406,6.684463598365193,0.9059930757610108
0,0.0,3.0264515911633345,45.25471963091414,2.9850823392719974,0.4478313447826642
1,601.6237075427516,9.269165559529146,64.93766926099536,8.780727502349087,2.464565096476965
1,392.34695750774904,5.688949878915774,69.21038548374982,5.378749325311014,2.709765194244829
1,587.6844412740909,7.797894208936087,75.37496748797929,7.543513888874702,1.7820999693932436
0,11.084028522615654,7.065815941103623,10.414345802328867,6.335551850950845,0.7837697787894594
1,748.4838869048128,10.316629946226348,72.55160922583025,9.859113674137689,2.3214697118657797
0,11.553840769738528,5.893608313244154,30.929062512467404,5.2806619081562385,2.390492205940786
0,0.0,3.028628907269895,12.003728032639362,2.6393641966922616,1.2260507451613447
0,0.0,3.824708375745268,24.84990188155536,3.3412630357634336,2.4687817658576217
0,38.258212823605874,8.565927528478637,14.46820851328733,7.306245154289776,2.041669902309518
1,379.24270485961836,6.097919292526166,62.19234639892257,5.948920043475951,1.0935903721659739
0,0.0,3.0445845441009736,79.85186638358581,2.9799735852864573,1.223031712070873
0,1.1140590526749348,3.647203763011017,17.21904811924876,3.2771887014771752,1.2776743222903213
1,351.17189922040336,5.59744224108207,62.766781792975905,5.301699254033986,2.3978090691702905
1,277.36852689433124,4.922491597937648,56.34718530849358,4.832408654345391,0.7429031602771091
0,0.0,5.3470216123075645,57.75026823273352,4.979654306899747,2.865471096713392
0,18.288369747588277,6.860914036617706,21.56896793580864,6.213445904130096,1.49452209376802
1,348.5056722234319,7.66539495551786,45.46480403607665,7.336211060690505,1.3967792035035225
0,25.549967332549617,6.297055139892033,29.61716051784574,5.741748380094584,1.889642934001301
1,291.3290801626111,6.814521974221869,42.75120932338647,6.513910223680892,1.3607773700355479
1,546.1485922884472,9.148135569255585,59.700535501368115,8.941425455923023,0.9733048039123997
0,0.0,2.795926850588555,5.4516371585644166,2.5922643917795605,2.409764173228106
0,0.0,3.849488958674195,5.570186929051591,3.521741017191556,2.198513516042291
0,9.08700273216942,6.604891391870636,34.870581192505966,6.119617087007764,1.8583459051378801
1,486.1423076192546,8.67709310945429,56.05997831171499,8.287510061137167,1.8189222979441686
1,323.019589856125,4.98010355221158,64.86212510995162,4.8775998556960545,0.9672044953890211
0,0.0,4.987567202772516,20.68381342053103,4.252663658812346,2.8845499887257664
0,0.544792611590088,5.148675311735819,15.735057178215705,4.643822398011046,1.1277675893503876
0,0.0,4.6713712244921375,15.503225367663175,3.991660430492743,2.074845620915639
0,0.0,4.146943036194305,64.01962742307171,3.8893223082863178,2.8604638464954055
1,448.03322936070833,7.086254926834583,63.22567245551736,6.972188351600711,0.743094102492212
0,7.2953749898497415,4.585163697500614,31.285752957805713,4.335886596172184,1.238537045154711
1,292.21612796882823,6.417620999940689,45.52883822095855,5.962176389243584,2.3276440536835543
1,330.535349557667,6.667574512350984,49.574899886324765,6.302492709635441,1.9502062435257588
0,13.179858326173472,7.035705246973737,7.316110725744249,6.070747121498992,0.8189699735343487
1,282.69513015982733,4.910764018050418,57.56645609982803,4.705446242422519,1.741621550163563
1,259.21189534944455,4.602646731302781,56.48467287884947,4.351582992800821,2.2339322979536433
1,432.6728421113244,6.4412626135399575,67.17205431149753,6.373220446057618,0.519617979225293
1,253.76808881439118,9.079803122067618,27.72341039014104,7.955631197668574,2.6798844374646142
1,484.3434080258557,9.909039182346216,48.90936081041852,9.35946478129364,1.9600027922277743
0,25.01731398009021,5.314223311625767,37.24851980972937,5.139587203588857,0.8824943133014849
1,594.1149603385185,8.720187424381866,68.13545746270543,8.196397627254722,2.948502444075534
1,354.4686172408498,7.788537156955892,45.51157832099034,7.643094802086769,0.6171094772810426
1,448.23074591094513,7.317351472917798,61.25587209664192,7.222423073152428,0.5576445013698746
0,11.111217511077513,5.97664959747768,21.382724421880432,5.780072356913783,0.501465903652528
1,461.54965205640974,6.906395572278551,66.83195752296407,6.759212675344585,1.0384012766431954
0,0.0,3.4623654591938755,9.543283742181105,3.040854875410005,2.624200803160632
1,287.42547648298597,7.338208753367748,39.168342867572264,7.181544016501095,0.6095221700387058
1,291.67070614240475,5.025521457795283,58.03789887141748,4.93455938840781,0.7535372847855579
0,4.460287056625385,5.85294240650708,19.176019671014224,5.49054827779666,0.8492175077822959
1,230.81324276102183,6.53929912672545,35.24303026535449,5.913876589180742,2.4655808177857033
0,12.060983235418734,5.222866458339836,7.748397498971524,4.663200877651945,2.4621521839753737
1,595.124691750204,9.371019008282502,63.50693464864469,9.267152215067366,0.5101645406630095
1,266.68020602207804,7.9286309860692175,33.635331945109115,7.466500467632841,1.4257702730517696
1,324.55959115721504,6.047127531832794,53.702986910521496,5.702436160254694,2.2094414369991777
1,280.0059627067657,5.994084463106745,46.71371647081677,5.778816361381253,1.2147783958695118
0,0.0,5.31026081053439,17.252568348950366,4.635371929669762,1.7297761105458256
1,435.2936545005227,6.645572849693418,65.50295902641437,6.445096434980106,1.426407012554007
0,9.959434075935409,4.901182421312025,12.025071631833239,4.197147624687272,2.4367982909636137
0,21.150596521730005,5.19789863804236,30.803622861238836,5.049347222021113,0.6363065746707303
0,2.914895547365739,4.548408321350642,14.91189133146484,3.869369409181316,2.494318822329388
0,0.0,1.7176908796187729,6.334044382217407,1.5099677785034442,0.5834424566721762
1,320.30718066794617,6.0083629978942215,53.3102246542553,5.816676133412229,1.213389527497799
1,312.42840345223016,7.340181821364975,42.55877075866768,6.811210600197237,2.2189866089359893
1,242.42414229980653,7.117822176253964,34.05875228360185,6.953802114014896,0.5691558663615781
0,0.0,2.952599139303495,78.47988546888031,2.8554992778833883,1.8549630314334418
1,271.8165442743565,6.280940026388963,43.27642901707354,6.01501696115329,1.3304079470551562
1,174.72366163731613,6.153498086702587,27.986303564137838,5.35445258280703,2.89606548118355
0,3.0746945906497074,5.189077169026645,6.782417202182394,4.452842392358114,0.8668872401027305
1,174.91662067584485,4.994003567007136,35.023632672718705,4.665899144028507,1.652763610611511
0,7.443631456322076,4.572038283006576,18.596533289200742,3.981250005038518,1.9116344398742804
1,484.32587445289016,6.207687237954024,78.02291271072102,6.102922688647223,0.957834875440119
1,652.6884521950446,8.317916683220181,78.46800482439491,8.078055771352387,1.6383656902284693
1,224.1744756869119,7.006478179557177,31.991742582476242,6.51039894173528,1.6337803950473773
0,0.0,5.000277468079014,14.330304000215808,4.260422700463425,2.5643726318304685
0,0.0,3.799338792099383,6.834002202942603,3.42459837414956,2.3635426426647417
1,499.4165610456429,6.461987844853653,77.2857014054625,6.303119918108748,1.3828385801341814
1,572.2472330878154,8.24705687337642,69.3900753658078,7.8030224634687,2.6920599159354706
0,0.0,4.788531092303857,29.73369245579383,4.255684143046722,2.494046751470363
1,573.0163878347295,8.44120072317462,67.88955896614638,7.977903761543746,2.6847946202421045
0,14.564255028004597,5.262079714788286,14.060117277664098,4.541813348143348,1.611524125222961
0,0.0,4.0674353881052685,78.61500327970974,4.032140133853642,0.49746025411556094
0,28.770284035768768,7.528522750277691,7.337550755952051,6.6277322802024115,0.6683478676095331
0,53.43311093503,8.172514205480674,20.42496091660636,7.065109489674903,2.271778078684642
1,682.0896962093733,8.55462373222368,79.73351396475857,8.375530695514207,1.2156670454238045
0,16.155327623939993,6.2354407112269525,27.322201647659494,5.540618116720472,2.274580125331426
1,461.7357670614224,7.4522657465530155,61.96003669979311,7.034546533589981,2.5088360230612468
0,0.2274610963921429,4.459229562878819,35.625152605850715,4.076719722492411,2.227698598662574
1,338.99517353344,8.971241160652124,37.789003441785866,8.511558332643775,1.3932587214368644
1,400.6535330425932,5.860868326681665,68.36078477356395,5.701824023340199,1.3418587395431079
1,249.568447104857,4.331021139261366,57.645744215315105,4.148827154294746,1.7643495104110904
1,157.5352846256318,6.962074908024791,22.6276342469543,6.762176368871832,0.4610825386678306
1,249.47567688423544,4.5696903727755664,54.59356248254697,4.4955385990571175,0.6368245185012181
0,26.355262343179117,7.512443869369035,21.429631543752073,7.197757225093324,0.6407801574372367
0,0.0,3.7383327543243894,66.69564033301602,3.5430431933917452,2.5120555395527884
0,31.81165710808271,7.32259605933229,30.064762675480214,7.048284648306919,0.8173349123659699
0,34.04289140920589,7.1591187634916045,12.488699546020356,6.116834980670312,2.4689654750499312
0,0.0,3.8799779269626473,18.85805021781923,3.304360618620147,2.7669185945945034
1,205.85796241686575,5.544251838661145,37.130050532255794,5.328214482586472,1.0536445990228254
1,255.6243641675994,5.979816836456172,42.730805705337445,5.48636515786507,2.566538955629696
1,578.3673568428916,7.869237810216397,73.49728228688795,7.785387106152786,0.5638531288804274
1,541.3569447179336,6.912554766240735,78.50059579746555,6.5525082669491255,2.949799948497773
1,356.43984987057826,8.175594612443259,43.59777180105198,7.663233592807782,1.9711116210994342
1,231.23490342081215,8.092201149818273,28.445225075940492,7.2007830501072085,2.3432554538421506
0,0.0,3.02527822264932,5.820792548322853,2.8289081280063955,2.7841050659443067
1,386.4674378980745,6.354678487467855,60.82112269136201,6.019530954803152,2.320868957303598
0,24.88104031890279,6.492490630191594,29.49906222299125,5.980504411975735,1.6839210211272757
0,19.085782206472132,6.880750342195776,36.736721387692725,6.584611173685385,1.1526152919942396
1,234.83503743291533,4.820712929265454,48.713759788441884,4.733495047376322,0.6405794598577008
0,0.0,3.7635837504639222,25.999937777792145,3.6312854425909045,0.6591488369144287
0,52.07666607404295,7.807838049238222,29.05805950129021,7.3244096933594625,1.3009370035686212
0,12.646869243885547,6.8259201289222355,15.002969991318821,5.81775646799511,2.7742195547228667
1,361.74166535447586,5.032274149745241,71.90328455053584,4.856764852122403,1.7932529633809042
1,535.2535129410439,7.702381630889401,69.70200707727388,7.255103004464549,2.9210068533364875
1,286.10907089600744,6.8060079204100745,42.03761582708063,6.435084459743724,1.6488304868792127
1,297.56622184644056,8.18649995330069,36.346756820461785,7.652027050105831,1.7119406100408554
1,304.9989465571097,5.199679705608118,58.769300315399384,4.940707041346614,2.1177624466318545
0,8.33972683287941,3.3871981039472203,25.459169076650728,3.1494538982671014,1.2779408709906273
1,394.38233656837616,5.6717450312662745,69.53456729706453,5.620212921158084,0.45028667023193614
1,303.8369245983038,6.825119778437267,44.51745622345443,6.545371166597847,1.305451050979253
1,176.0381961523508,5.813660478416945,30.27930460068398,5.443211952625618,1.3860089938698685
0,16.243323718703,7.1015178050344545,32.10070076895795,6.632792142460688,1.5297945107997277
1,581.5763351135449,7.518906099617458,77.3485301463113,7.463380965385651,0.4115954350402812
0,0.0,3.328129921318258,8.29741912693267,2.970061143430848,2.6263116170304315
1,197.16316293946687,5.780402752694893,34.108898249559104,5.591437497194205,0.8073731835263485
0,9.171990112329578,5.448577681723738,7.159361668949355,4.695359192197282,0.8406530814816047
0,0.0,4.510793128073997,73.28648414009267,4.3486183179693265,1.9128341623342004
1,626.1086172144726,8.961756385460486,69.88056336573173,8.429881281904589,2.986310953556284
0,19.140069337422727,7.354236454639356,14.681307729001702,6.251862700817496,2.4616565937202552
0,19.46172234484188,7.937784450381551,10.97261315104977,7.18568383750211,0.7678371683581198
0,21.719066628497384,6.740446306287909,14.139527082629144,5.736768190219195,2.5171847183137537
0,0.0,3.5450109789088438,31.506985914382337,3.3338125554171936,1.3566507537648447
0,0.0,3.5720199034051334,36.60176829547072,3.2995863529952563,2.0199151098202184
0,0.0,3.835262372790866,27.03732722928049,3.6576614904397586,0.8990351205562923
1,370.32282266485964,7.123851596180713,52.065098967210766,6.765134543546862,1.896148426200904
1,302.0242693458619,6.525509462260376,46.26627991459569,5.971531637141157,2.8567078130710692
1,494.4001212526092,6.451032211049396,76.63891685516556,6.385712967869609,0.5558299571824667
0,0.0,4.957278848260299,12.184254838369508,4.248918999160053,2.4973953603371633
1,521.1711824482682,8.400310877861031,62.04189226160823,8.298821898970054,0.5379064368198039
0,40.61737035021957,9.426886787002976,17.14103994491172,8.826790922116134,0.7846674828895509
1,209.55004719974602,5.059973001150046,41.4132738258883,4.968794383680204,0.5429223262848054
0,0.0,3.995150172730317,51.18054526997458,3.6771303740597068,2.9600085095991524
0,0.0,2.3452684582180816,61.78498308743426,2.2898594818661513,1.0478314056478115
0,0.0,1.2526842149284323,6.023556882655594,1.1527169914546378,2.4701606121192143
1,405.4830551804146,6.006911306943092,67.51007638791,5.730795778781555,2.241818572234545
1,469.58740932489894,6.30917292081733,74.46618771577818,6.103492216079754,1.756628030846505
1,225.314997208518,5.065586993349606,44.505515479652985,4.608288144699098,2.929146581549264
0,0.0,2.5528456637231907,48.06749435138166,2.3919810183798536,2.191540931902925
1,354.61727807840964,5.768600888299341,61.47371397487238,5.586459209780507,1.3912607355847042
1,632.8381387934061,9.366331060289303,67.56850581351493,8.878415701058039,2.5289741314567333
0,8.14472878667285,5.596055140115802,35.778446611867324,5.134139702578673,2.15042921509214
1,467.05049464944824,8.96775109488611,52.092524339508,8.481333541893365,2.0359704927495517
1,336.50356610530434,5.516833620911114,60.9957793389773,5.414213220690011,0.8342704163897018
1,317.18195984914576,6.1731913987168285,51.378659391261046,5.754663017692143,2.5085287503324225
1,333.39647959320513,5.380504110979116,61.96380636457637,5.315589959091342,0.5441677137585366
1,312.05397991471597,5.646270495268259,55.26727441646587,5.54186645728672,0.7431407793104896
1,467.9660078917744,6.211451183062924,75.35830504079321,6.073755609250118,1.207880033905274
1,207.8253768573183,6.099056490302247,33.86731442629789,5.395490455512696,2.9469304185151897
1,356.57580581038036,4.983041963396262,71.55785731480222,4.939994264863799,0.44861801500295984
0,19.531907081892566,4.534408401546741,53.41681032863757,4.227071351216103,2.6038271607970094
1,522.8067429748977,6.628214119389927,78.8759586760024,6.55895728921987,0.586010515679889
1,398.7025278921738,7.875998518514821,50.61589949006211,7.289459691865212,2.7303354823879644
0,26.7964500990436,7.750809583120437,13.09039600655016,6.709487065278045,1.463673449233175
1,179.70600988047164,6.914211785322083,25.963549873224913,6.286194103480649,1.7233442913750339
1,320.49733376081025,8.47751081986081,37.80444992412285,7.947063948462756,1.7085474106590648
1,416.00231337427977,5.37384271937702,77.4257264428025,5.232522314536077,1.4775471058260798
0,8.512427816901228,5.8424263921446205,28.26957495293822,5.437667112696088,1.404917576455032
0,0.0,3.95996812280226,17.37123137646374,3.5296841119404925,1.415802420587458
1,352.696459977295,5.022754404955735,70.21973219126143,4.877256101220197,1.4570152572569839
1,390.5453734286268,5.6887448177460875,68.65828489048693,5.398978799469169,2.5255076357869664
0,4.651343549710019,4.155317950351705,63.24185303172222,4.115464796157685,0.4346594565718064
1,184.7327458947617,7.770207691749196,23.775070105126225,7.219649416983723,1.2091516350170652
1,318.8172650966771,6.349109718593693,50.21448348309465,6.230099689845053,0.6840071922398172
0,0.0,3.4980244919386947,54.933451527703696,3.309283722088,2.13294953224054
0,12.211479581011917,5.681395569787761,28.157183537906782,5.324834203152575,1.277627084921832
0,7.323927236784618,5.586308110951267,18.14728501451507,5.362681311631311,0.523067222194608
0,17.260580550750465,7.181586278870588,20.463769060169447,6.176932327056398,2.459174096273993
0,0.0,3.142186082079506,16.869844926251474,2.7988513906559804,1.3839976332563833
0,3.820295941176983,5.6000364296962495,6.1172959868961065,4.7869403140330125,0.8306128295310775
0,20.573490852548787,7.1529861992050945,32.78574399847932,7.007194749563246,0.49434443224907254
1,427.8689712356231,5.76686025267663,74.19594017750634,5.475607332293389,2.7018670268281353
0,0.0,6.255084032110704,35.07499119950344,5.88795919750427,1.4933093487751643
1,439.65917467056704,6.8570900571975555,64.12334935185416,6.440510734135329,2.818477589618959
0,6.232979891170485,3.5477692575760598,6.9480646963591415,3.0591331556865202,1.573920405224571
0,4.586008506155952,6.169457717126122,14.4700811499713,5.592605666417571,0.9949968518182835
1,743.6388059876838,9.827907566126138,75.66747234801957,9.391328511698116,2.4140084731189733
0,16.674299102881672,6.522415147114444,23.13403628283234,6.345753399721834,0.4465214309987372
1,189.08348738143053,7.169788525931985,26.337247508571117,6.501898359051583,1.8038994376279005
0,17.767104762187564,7.535330732582009,26.65265915492623,7.237786244743625,0.7600725326049664
0,8.846961955841985,3.7265955677533373,6.135606254673906,3.4421159996240034,2.5974493489493784
1,508.7826833081293,7.278204341937114,69.90522600528664,7.147859001152431,0.904886453897243
0,9.290156255245074,4.935459818830269,42.85229038958812,4.8172958083439585,0.7408973049383318
0,0.0,3.9623801474992453,66.38887617602828,3.735599238298336,2.7378089385380466
0,20.286626214913188,4.264765123319539,19.621010587498034,3.6286092161079275,2.9067676460727356
1,586.0598796843096,8.60312357087605,68.12176391451463,8.378209254938433,1.2921199104145407
0,0.0,3.612024474059596,25.369445861212764,3.2852091334521587,1.6789507335721523
1,347.7985682526344,6.700620665784556,51.90544432062339,6.357734945219779,1.917831944484619
0,36.81221700387812,5.760736811664632,34.03873922634223,5.4290338550556445,1.4104992219064587
1,194.64495973758395,4.890858530348864,39.74467717764722,4.426239014730643,2.7608020865169647
1,673.216659155541,9.566946331909744,70.36959889411904,9.316929374396466,1.333251937845663
0,6.1294140726057265,4.032073380586282,19.34987931422805,3.831837640392909,0.6932013858592017
1,417.73362830767735,5.454543817450671,76.58452150889133,5.412599636143898,0.4370345946502046
0,5.488284261787633,4.33258401102637,12.375138226357258,3.7374703851453126,2.794735692419448
0,25.116402291672575,5.7923534035731965,21.44920578002081,5.274343364683243,1.3964747515195857
1,269.03654296447604,5.70627159087003,47.147519437236134,5.62480709604626,0.48461885986507347
1,697.8149443587296,9.625942525568444,72.51796619953768,9.121073831623237,2.7496111498474045
1,449.8251819673746,7.146949910028575,62.939661220879856,6.851263315476698,1.874945144149665
1,267.4631526981544,5.648019448620729,47.383517791417646,5.1997222736794555,2.7182665251999523
1,509.7950123131469,7.283909351653282,69.98921795459353,7.133861208716631,1.0363070919171455
1,467.19304647269394,6.755389722612052,69.16278705949692,6.5124763462351485,1.7982555370507551
1,303.04513795332343,7.986312639062172,37.95193808729206,7.593550956760133,1.3469947051515652
1,563.9691821016355,9.143729285679072,61.678999631169816,8.654113048213397,2.391948855202847
1,462.79285701371157,6.400487137768514,72.30595509649058,6.300271345560788,0.818776808911163
1,510.4269679229166,6.618384023079676,77.33838819811493,6.283113357151943,2.8224242431938134
1,273.0434104267303,5.996777776997338,45.53144964235122,5.66761690755076,1.7970459661294829
1,529.3391366451581,9.449325719001635,56.0366351546879,8.774739943830182,2.886152878305376
0,44.93400889362884,9.068840479430243,10.012677782055208,7.983143696992224,0.9243461186579964
1,154.4373208957773,5.341254267739291,28.465938293808936,4.646512319630449,2.968328008526279
0,84.31810496106822,8.037206788956013,21.025129333623088,7.719041520483876,0.592115270437013
1,395.68785131415905,5.541286406955087,71.42759332992222,5.403333841168373,1.2921614859320814
1,348.94970750358505,6.151545627519128,56.72568128423276,5.9519565409996185,1.3362824253088679
1,404.98314719347513,5.724388430522955,70.74716288217759,5.5841500151354335,1.2492910947538398
1,172.4553030515007,7.516380696305854,22.887387873668434,6.734858427041224,1.7568562440432616
1,626.8074767347657,8.299810972018124,75.52295947964151,8.107066003907285,1.273043129442335
0,0.0,3.275960224063778,76.00508254035947,3.1684562122746276,1.800888263259056
0,0.0,4.607120069301484,8.116105915809396,4.097369850244362,0.6785091550497577
0,8.532529103177906,4.081807794303186,19.097498119205255,3.4722753115352103,2.933636649918941
1,223.80051532890187,7.13575558513659,31.36325406390283,6.95784668780921,0.5514179478735857
1,331.91838955900596,7.1845853884913895,46.314029530344186,6.614896803975082,2.6636402336464458
1,238.52005871218867,5.948570078759557,40.09799139521298,5.699166199536248,1.212046714435917
1,568.00159300526,7.828465304336044,72.5572288956929,7.6994339943541235,0.8476964597161105
1,358.34342133101376,4.7985968772887455,74.67726216599672,4.685541612846973,1.278499835161988
0,26.400393349769324,6.3546931713075745,21.202755715487143,5.44044089329387,2.7334274872330573
0,0.0,3.721421956704392,69.14405814828848,3.5026955047726673,2.946270661206939
1,484.6171711748963,7.445280947896149,65.09051499482595,7.294738180799195,0.9460805518521148
0,0.0,3.5057760473886104,6.121855548094128,3.126135730388184,1.9400955162903668
1,515.8705096610047,7.25834162521593,71.07277892329466,7.166450453521821,0.639480903393871
0,15.851264078460554,5.4906766570983505,30.70281511558289,5.213957630395213,1.117151967843609
1,324.25817908066267,5.7036623084045575,56.85087414259902,5.5812597279926255,0.880310012251779
0,0.0,4.619471426012543,53.11615326495779,4.5278257568056635,0.7483907803973981
1,407.3848930667574,5.833410541575014,69.83648783850003,5.691183756072034,1.2236083632231085
1,275.71260981015735,4.9784737841320625,55.37975327560668,4.6378228286278524,2.745801690707939
0,0.0,2.849654808315952,6.893686551027805,2.5972730723207658,2.5868733867328157
1,278.3674479724544,4.401516671902335,63.27861906876253,4.220115688086369,1.8741535636660691
1,194.2536496722096,5.568017330230571,34.88739039197385,5.322101486298623,1.10732218491908
0,0.0,1.6060619959541684,17.14564846602436,1.379574057553412,2.0890670980920643
1,137.45930390401764,5.23981406289633,26.231072403823333,4.872964524087605,1.320593848866072
1,590.8152404835371,9.166324395729177,64.45538112593005,8.942615447844087,1.1365957681695935
0,0.0,4.742103644927966,29.706920946665075,4.263129546316801,2.196598812783857
0,0.0,2.115638974708698,6.610613388227126,1.8528582476533393,1.7600606098435478
0,0.0,1.5910152701663132,5.145633969849385,1.4765971521552197,2.299773533735404
1,233.4825113745941,6.952900405299373,33.57914119667572,6.49419945566225,1.5926744273015565
0,15.230276553097593,7.631441613407711,16.432007921162047,7.229940008496508,0.6178630100117681
0,0.0,2.1954850667689354,59.592265197916674,2.0873690635894238,2.114426047390461
0,0.0,3.245551453443672,13.465156211327015,2.7666644494579775,1.93003501799685
0,11.643974986686587,5.534420693099711,13.964159568507046,4.704677454174823,2.4186008808953248
1,167.09338762500897,7.2422795808137055,23.07172104231863,6.829836432620598,0.9389005741287996
1,545.9418875277419,7.404072985300608,73.7371359339804,7.039010684233382,2.618472434024432
1,333.7968748284412,5.2842222143449025,63.18246050556188,5.12894272334795,1.3333509042204224
0,0.0,2.2201598503268816,10.219808508731415,1.9178930076612346,1.1660399549867728
1,231.3736180739989,5.3240665364736115,43.45806296139561,5.157831752978275,0.981550908566743
1,305.2402687469596,5.260600269776387,58.212636682830556,4.978258698658611,2.257994187823847
1,277.44512473080175,5.2128351219844715,53.232870490477154,4.945477761434132,1.980177942509389
1,251.72764866460398,6.8310404598018355,36.86471468384737,6.312318687090576,2.0137127296949666
0,13.72823024574417,5.540439131504316,12.03472196232325,4.709308387701767,1.967187764106808
1,491.9545331400797,8.406003752369632,58.52422128209708,7.867318337073963,2.698801695885699
1,456.7604964322217,6.230792456440044,73.30696695853166,6.117509180786002,0.9638624432341705
0,0.0,3.2120354250577634,30.48805251668402,2.9158290691674726,2.047931250247111
0,10.358441885259051,6.151570180590533,9.885887100122954,5.447213883353983,0.8502697469899635
1,409.9219484753289,5.246815996949677,78.1277765133146,5.156979431779984,0.9572196464819851
1,373.997594724764,7.395171037197435,50.57068140802711,6.847116195637893,2.7002398988188694
0,0.0,3.5721373691434715,50.48270898081612,3.3652968296829595,2.119488203312054
0,0.0,2.242018227870898,8.169529228081228,2.0239909934169193,2.8689704315614897
1,345.82715536786816,7.011993872446121,49.332190305717816,6.443873866838508,2.8906956614505184
0,6.795798054976087,6.1202570570426875,12.537394309517179,5.2052065385771265,1.9127930593508666
0,23.640391588329962,6.764825980738683,17.172310894973645,5.763839270246803,2.4219054281038073
1,202.71795580402406,6.1174998520586845,33.12651306333247,5.63344253203666,1.9062472379928166
0,0.0,2.7547621996344684,10.816182509136835,2.3439384457681416,1.7921558703821021
1,263.89964236417654,6.662425815131555,39.61014346559751,6.528165951534411,0.5793433478926743
1,338.44490558533545,8.853318110997696,38.22802946497221,8.699171276847261,0.48984569346682016
1,494.3083328566207,6.568956592947889,75.25214436475876,6.283003752149465,2.3636887605696435
1,529.440776325402,7.750734169390145,68.3096275477846,7.388311007956744,2.2909069507326083
0,10.903023695455683,4.42703362344203,7.610117818477155,3.833862151478289,1.805368702873979
1,359.6572929080802,5.471405141369735,65.73399037638112,5.4148789580868915,0.4842006418024717
0,0.0,2.8487312488901995,23.930575274923157,2.5768087706946203,1.6658006487468118
1,296.57003513081224,5.384060630518308,55.1522674137358,5.0166727267256555,2.7183388682708594
1,347.73496495379715,6.145646020848139,56.59670398658419,5.950478659205403,1.2954226252272587
0,4.514337110277068,5.883618291026032,17.458472328440973,5.0054277937118865,2.96601628594396
1,376.84944222519124,5.203837104442119,72.41802841830669,5.047688498570636,1.5566462736222402
0,0.4062632381326553,3.68692653973676,18.188154396947194,3.5209181260406415,0.5869130397325999
0,0.0,1.4166140826768006,70.52943674216381,1.3909527212796353,0.9144661504799108
0,7.6656484678280705,4.303911930975403,30.488791208850454,4.0944111393305445,1.0831787452541763
0,2.420818378348944,4.788283258039106,23.303948495525198,4.635391354245087,0.5381537559883705
1,460.5899546214481,6.568327360202429,70.12290733584484,6.4085158465047565,1.2214188095222354
0,25.30677011250385,7.088220452057386,12.12903840531666,6.091794344105863,2.646335409299959
0,3.969038332015663,2.98058213646861,52.96516654005789,2.8847182778407547,1.233930493987806
0,0.0,3.8952363716367513,48.179243309624226,3.5772403847590706,2.860055679828388
1,338.60784718103156,6.950738920011142,48.71537416060657,6.828082481284689,0.6255029552907068
1,830.5271349105797,10.400497275765536,79.8558545519813,10.042267331129844,1.986062834725327
0,20.132728159883918,8.043977698075757,8.510734747540898,7.463015098001763,0.44760993807721805
1,202.22454501486254,3.741975644047428,54.076580009268895,3.517696591564503,2.3471432753000823
1,361.5074379348755,6.118243766759923,59.08681977480009,5.888872951516717,1.593504651915294
1,492.1848151752812,7.104434431908583,69.279593547225,6.99408162078351,0.7865704221606621
1,307.86961844705684,4.594007884206314,67.17516959961301,4.379210332361727,2.2575477000418847
1,465.25813409843,10.826743045721274,42.973046490850926,10.45223674951894,1.079989624807814
1,414.96181034710287,6.26772723597055,66.20925736071794,5.896095947891306,2.8195687537303464
1,486.3470485974067,6.485471352762251,74.99033791904158,6.322959020851968,1.352199049943844
1,315.1128111255514,4.671872829949531,67.46409282031246,4.397074057980121,2.8517036372281104
0,0.0,4.473581276897388,65.66089747116487,4.288941572862752,1.9584867172703873
0,28.798132505637806,6.9675077903217355,14.100605141592705,5.978080280234377,2.9799135219762056
0,13.173017205006508,6.561718463501469,11.693033108603558,5.580832729804603,1.7981693208095777
0,1.7392681131376884,5.559852769026672,11.50384569226065,4.781856659799516,1.380636703149122
1,607.7491666782469,8.070129629331252,75.31441089254812,7.668859204274903,2.706111551611076
0,0.0,3.274791402646905,77.9203228728377,3.1636279257705233,1.8979936538968452
1,255.6670646096347,6.352344734846699,40.24768173444148,6.195297666868264,0.7169634448138004
0,0.0,4.5273286666805115,61.638355634193466,4.27525351225374,2.4882480306194497
0,0.0,3.3682759201775885,8.865480183469977,2.907705586149808,2.022302629672775
0,0.0,2.7733650395804292,72.80530230883844,2.639468202457346,2.537310339894462
1,635.0969525382827,8.609343581881765,73.87950398520498,8.231790507551016,2.346811286098822
0,5.547647765159907,4.39312314781492,28.4133487129659,3.843153781877959,2.78761863035273
0,2.912069688701323,4.44315573913739,15.632790516771301,3.872245370519608,1.5858059277254775
1,421.39324419710147,5.693410215055843,74.01843191763277,5.385728697299127,2.891662295115445
1,620.3893572776783,8.604971718614824,72.09661799272794,8.480890045243141,0.74869514008677
0,0.0,3.831115030785121,9.48726886142975,3.3126048111971986,2.2297312241254454
0,0.0,3.4822433151437275,56.88145612690484,3.294173735383394,2.2263593981698504
0,2.417152196601411,4.998923435611459,23.803660274804173,4.511779640986192,1.7028825418225568
0,0.07705281420210199,2.9493774719867947,10.517807988342255,2.7789508565959617,0.4281732031930001
0,9.053083004611429,5.589261889164831,30.310051430678506,5.079621480021414,2.0183362172872426
1,335.2954788928074,6.774054673979794,49.49709746706781,6.657027427990371,0.6158535083555404
1,524.6296555121415,9.620907919080805,54.58438206176205,8.960205510860703,2.702124387029783
0,0.0,5.028994029811996,69.79393759023273,4.88896774707444,1.4167445508080365
0,0.0,2.820050040642653,13.903195954286595,2.408303997479209,1.8848121372875228
0,0.0,3.1515831759273882,71.09804370632855,3.0630678700080494,1.4397886620797031
1,514.7274308900315,7.29209349721732,70.63305476985515,6.970944051550126,2.23836125560388
0,0.9022508915855809,3.028929339605281,58.60666198814345,2.9079958240559556,1.6900971602542296
0,7.764105461804304,6.92608893453113,14.40517673431586,6.426294543179012,0.752715762686603
1,371.62814892991145,7.914439965541018,46.95541980106439,7.477567948815178,1.8716537886214102
0,9.376085452595785,4.9492021536553805,47.81728836029099,4.68122505782849,1.8733849701126126
0,0.0,4.027302938533767,5.811492065801431,3.5900462254926278,1.8141425089832146
1,390.27502623225547,8.878968207061028,43.9547020829634,8.387219429089773,1.7577642813912941
1,408.60807603829306,5.5347517204134,73.84418008898061,5.253946626062492,2.700731010993791
1,304.036996315672,4.788344831800028,63.49521952557805,4.701172930028554,0.832193159612844
0,26.041044142993602,5.547330926019238,30.677874758883874,5.187254572309877,1.4461898686820782
1,311.0260273596177,7.150913875084773,43.49435718292289,6.750381913100462,1.755781862624635
1,505.0871768900018,6.661266850727717,75.85676472942325,6.383438587848439,2.2844792090354007
1,318.3259451131234,7.399258275898808,43.02073832711863,6.9306406085939996,1.957169952870018
1,214.9157459967299,5.890168199843135,36.4871840229326,5.622444252911724,1.1921048882139598
1,346.4036326629831,7.608804405990248,45.54407000407356,7.252658172391062,1.5358610055549975
1,215.33427254457777,6.626773784094876,32.49450543957827,6.287169241617862,1.1995336869689135
0,0.0,3.354124056396349,16.7137794260467,2.980834435121253,1.400347514924949
1,344.2891835106718,6.823713035984623,50.45481568507692,6.746473679289771,0.41354517227441573
1,204.17887233918682,6.651769504480631,30.696388638027642,6.29608735388729,1.1829144338468658
0,9.300481527389916,6.488042112981699,5.376879116151207,5.534814575417396,0.9709635520250051
1,305.4683145911953,6.627081701653644,46.24812324276521,6.217765942342995,2.0607295648612785
0,28.618885988494565,6.2517243933897495,30.14159647609022,5.538307108624745,2.6125804630257825
1,244.67899674959907,7.961315681666091,30.700447947617242,7.2320269834978115,2.051412892592921
0,0.0,4.466950077334507,58.10448821252831,4.342378754370511,1.1704071885485716
1,178.53004287882405,7.988170769758762,22.349302000019282,7.697301646160609,0.5868302481669196
1,345.01568787372616,7.1740448226388915,48.092560461358694,6.92373971674987,1.207885357221551
0,0.0,2.1314598476628936,8.23256348912555,1.9250513788855868,2.865332342855992
0,2.4775689728291255,5.80662536895017,19.128776352143436,5.228599961380659,1.3934244305688512
1,423.75911494460354,6.246013598338462,67.84940055488993,5.863768278109472,2.9961509676510945
0,8.499633931709955,5.462477501155709,18.88125872287471,5.136314704273334,0.807525770219206
1,401.1991983647729,7.618031533929485,52.86212263050643,7.064100160788366,2.7660223543390763
1,171.59762474244124,6.237006080735497,27.49756345791684,5.710981003587776,1.6824414492255153
0,4.46007926628461,5.631083202454268,20.98184208892568,4.856286766408432,2.4106009967277
0,0.0,4.499532459774228,74.80963301410189,4.386349615555265,1.343569272105709
0,0.0,4.676387129109033,36.165064241627576,4.200257363099292,2.721319983743707
0,4.9253853781768235,4.253524096795436,11.759285021151197,3.702656849867135,1.2186934830278362
0,0.0,3.231428749217102,35.28801848666582,3.017689610823596,1.6970161873693481
0,5.128392882522006,5.750871940006229,15.50925014452074,5.24327285081737,0.9988506105428674
1,221.7888116271769,4.670407329932363,47.477831188510166,4.291943652606962,2.796626017591798
1,784.0322176145199,10.36430996079415,75.64752001148115,10.118553919047718,1.2930551196910343
1,462.9672017416614,7.859101374894492,58.90988678673034,7.409082956358091,2.4368717714999915
1,608.478301313695,8.310895636256648,73.21468644048986,8.086145836622768,1.4332326433047542
0,0.0,2.573831202676622,78.74332577788084,2.4733792831250034,2.214648912427453
0,0.0,4.419538064673395,74.86130440109129,4.289863119675477,1.5712992896958116
0,13.872261032095853,5.984452889903091,34.25930991977032,5.504932846687729,1.9913667302549722
0,0.0,3.6771757346873644,15.217120986613349,3.1429012014560165,2.0411921290895125
1,220.79531304662945,4.847825117764062,45.56641038248817,4.423657861014946,2.8884632481342294
0,34.093582996373584,7.031168968718086,34.140139717169944,6.877571223225174,0.5345122806969813
0,0.0,5.319230851490686,15.133479292382543,4.539888019645986,2.1197791278585396
0,0.0,2.537231230029834,10.596166505229846,2.182189897918945,2.322178269067651
1,318.08037846213523,6.655561093390116,47.77690881046016,6.115005102548283,2.8205052509450894
0,80.72421364205931,8.400267213083625,20.278685000352958,8.103304736413737,0.5099549294628017
1,296.9581323499671,7.131878363882474,41.87559875368801,6.532932747375758,2.560012467384279
0,24.81973123814492,6.225140136632272,36.7051603139281,5.94056777200646,1.2120447047814558
1,337.9454542306088,7.994171530531833,42.27398086303099,7.834129261652165,0.601481094754306
1,219.29105512814203,9.444385232298664,23.219198464024135,9.162470783918835,0.5064898676097712
0,11.750647855527347,5.367129531799443,25.308719359191365,4.9845997539905,1.305997328328467
0,48.10028107739433,6.228878023007156,22.65453034557659,5.764794342359534,1.2218093531747236
0,17.291777813573017,7.145155898410788,9.667775579668865,6.0785066263635565,1.7491515661003936
1,79.51406616670843,7.235652369129498,8.464025174015623,6.285165047236068,2.0740160182820606
0,4.989442842326611,4.37629176305499,50.06190947640223,4.273872661742343,0.8492557248019963
1,553.3436975438553,7.524825800759691,73.53577286228692,7.276351389365196,1.7467861458398142
0,0.23107767600558388,2.9755093488192936,19.09527680736585,2.693631391372345,1.3216927363486752
1,514.0941731772555,6.951354675660685,73.96643484343072,6.747354015437703,1.57141274780646
0,0.0,4.007210054950193,11.675187214400678,3.7548958390445786,0.5385074660256516
1,634.3478140749569,8.177387093427528,77.57814542563162,7.770523883108133,2.7773021084328806
1,496.5104773284828,6.538909713509545,75.93169889915941,6.401461588268175,1.162278750136366
1,560.8504044995378,11.228803224869441,50.018383946567525,10.514791959689733,2.2855152831915664
1,494.92276961854844,7.9988159331212225,61.89058513968831,7.7754486433242285,1.2434713141648297
1,231.4587193726899,6.525154367738911,35.466438399365266,5.963266891926561,2.208231319714482
0,0.0,3.2458667805055237,26.331645755726264,2.868996104016045,2.313394726396366
1,496.9188650062325,9.030908338626727,55.02423969640117,8.909163548737816,0.5435952848352388
1,183.2499886197331,5.358847458556745,34.19584388534027,5.100265659363614,1.188957852669966
1,434.065946914042,5.571803588502466,77.90672789970563,5.325954533225819,2.48189846259199
0,22.089365849229335,9.346721794220107,5.932796805480191,8.093585778893067,0.6416782437103581
0,8.394104628593867,4.953976052449796,33.75225169607286,4.789577666309607,0.808692120315637
0,3.67793553098505,4.726149831687583,18.38931529055966,4.558649818148519,0.46659773725998555
0,0.0,6.134120960165583,24.104102139420718,5.281941139941238,2.843004917290613
1,543.4280292753675,8.42823225585472,64.47710656079101,8.344469100088563,0.4541666366387455
1,584.2992812705005,7.860140022581959,74.33701331665398,7.637454530143417,1.5147856198269745
1,301.6764536795722,6.240607979139225,48.38147164839695,5.834061621688297,2.28507647498629
0,24.296269488167674,6.902421219556552,11.48374322653487,5.943284976539359,2.565786976802654
0,0.0,0.0999999999999993,66.30092415484674,0.09791643527707602,0.9968411324995731
0,25.89004475807089,5.853883789677218,15.351527888709668,5.3177431715538575,1.0259698336666094
1,510.9204126767948,6.974219513962263,73.25843582267296,6.890418115058523,0.637981400885118
1,223.08416930761055,7.436047944921846,29.91252312896825,6.66504146119301,2.29847573226363
0,0.0,3.3790800413069735,8.281869579065635,2.890000376344169,1.68050895455263
1,362.8771125888475,7.17236598834418,50.685347933497766,6.700655069215206,2.401795934594612
0,0.0,2.314977846427986,55.137488047227606,2.2237376170001464,1.5634393122529517
0,3.5333858549722432,3.5935301126999453,6.006909996788526,3.323935007294217,2.624244681931596
1,544.5489306083604,8.571894325703944,63.52850247011952,8.387439577403654,0.9786831149547217
1,531.4393325918029,7.753353078211858,68.55258447308825,7.365373106811433,2.459170934932318
1,540.7405523888082,7.9022686864241205,68.42852020620589,7.761971692732528,0.8688642263108879
1,324.6724130775424,6.235744348371311,52.06635411908644,6.00399616258363,1.401283381412814
1,265.7451564656295,6.249027429826292,42.525842898883596,6.0784260916440855,0.8292407967649381
0,3.1062832342678552,5.258976595290587,12.374808375000617,4.667474790777549,1.055938779544304
1,352.75719748326543,6.583984276214261,53.57807410908341,6.513207586047595,0.4253731347264268
1,310.54350498806565,4.985739576404923,62.28637205675925,4.820303258291565,1.4862931091953357
1,356.7293087578944,8.321579381886497,42.91523635471313,7.7070277013944555,2.295847545050024
0,0.0,3.798375596950427,56.16752747810306,3.7206931139123096,0.8346646839175897
1,207.45153968966375,5.904279796253557,34.950290451539715,5.235342734560042,2.9841075604994933
0,0.2180038398414606,4.201524722057159,22.24966396610613,3.877398029075679,1.2418481159409729
1,476.88915826752543,7.413351528647721,64.33031044622965,7.134304728401816,1.7568166783427808
0,16.01584960206886,6.824462320546813,40.58973587585408,6.644561972442723,0.7683683028931058
0,0.0,2.5306251511243394,50.425719910382526,2.345994097397671,2.667036641045343
1,403.26873801184024,6.359699002805495,63.41003575895886,6.22550581406373,0.9686490199552045
0,31.951556451413385,9.217799407480369,10.977472240984238,8.30321372674071,0.8097884929782262
0,36.90440955168636,7.95748891667246,28.418827763110137,7.361827013218223,1.528435663868609
0,0.0,3.519425095839947,20.883455708518916,3.0407471541846594,2.3447904847403453
1,186.76799255926585,8.545520338175077,21.678252779876996,7.514525395619953,2.0031766491606495
1,323.9444705575106,7.514251703293306,43.11076081202437,7.299216761908177,0.8936086198719261
1,362.3227088514046,9.387539332797244,38.6210946262726,8.687519974714492,2.073213937799035
1,399.747685408504,5.703845559834452,70.08555921473629,5.398677029831764,2.7004366876425467
0,14.849747067587836,6.76872965578201,23.0065533464943,6.487250807384752,0.692332946290396
0,19.78106878458821,6.2553210005326845,12.413224408205462,5.316266263531012,1.8933028880868439
1,427.14599535521836,6.55313377359842,65.22124163880717,6.257931969390262,2.109930988585599
0,0.7252552497349536,4.5565304204306925,5.743163201575076,3.9150151296621463,1.2457343015888922
1,300.2644131961623,7.862465018430666,38.18960243286864,7.712032217772167,0.5407446448916137
0,0.8716957716102036,4.745359965275312,9.267076615839414,4.061466915370686,1.8617025796539282
1,295.2492692549369,5.6526859244044605,52.2316777479734,5.480858051520491,1.1391075359702574
1,244.0141121606322,6.606674186686342,36.93228554607915,6.168808931315789,1.7772885453178167
0,7.226895592987491,4.414943113992755,22.186070441590587,4.1462783356969,0.9697862310069066
1,487.42443839640464,9.235481933053977,52.77737877671757,8.80719782997294,1.7744624584605058
1,366.87936072855103,7.837365687758215,46.8013893962526,7.2299419829474,2.6253035207682656
1,548.7037536052833,8.683788600792225,63.192977839920445,8.204347610760397,2.514797449440001
1,162.993497102208,7.930065850532689,19.695390072608845,6.776311914676194,2.625590852402849
1,656.0301143363687,9.40525502583421,69.76936637106269,8.882370542298013,2.788507023428798
0,0.0,4.480479965861399,43.67469515910788,4.163227984782549,2.241848358622751
1,472.7211480233549,6.587725026048522,71.99070128899913,6.282039850447432,2.423019049506798
1,651.9871871750265,9.548355328032152,68.31556627166339,9.14209367131016,2.1018814503427707
1,434.2535015230112,6.9501272778960885,62.703541220729754,6.535960752101609,2.6972575729014823
1,421.48783452376665,8.69297808196073,48.48967102461071,8.367044396168485,1.3080297029763264
1,197.457267775784,4.9831304861579895,39.62950538736732,4.649976543145682,1.906431062283242
0,0.0,3.3970222361200464,78.21312276184541,3.3354305423547017,1.0275112930722021
0,0.0,3.2303813650464903,38.465850075823795,2.985450099815644,2.1144361171315524
1,577.4866907175034,7.396044945117104,78.09982150488025,7.040954168054028,2.7047922475613504
0,0.0,4.16718135801703,52.431082948358,3.961070692533612,1.8645511987469083
0,0.0,3.8921170216834695,63.4391491372523,3.7939753087669854,1.1502156631897107
1,355.0731426572883,4.634120588008496,76.62147238381273,4.586337960829853,0.5598190956747349
0,14.930334426141417,5.814957498721758,14.10694737100588,5.164570479110898,1.1875666295638039
0,2.720496695109831,4.117033361115976,7.041101297594086,3.799280832407833,2.985908051914072
1,632.4025750839992,8.100195560895708,78.07250705649653,7.972599840838731,0.8775144262575054
0,33.13645181841124,5.891464396218396,23.448521198212823,5.621498809783336,0.7746494299478955
1,381.02268297898337,4.982707089455334,76.48332792026268,4.780364724149813,2.2349264330140253
0,14.96142393815633,6.331340979970484,21.64682265560011,5.609041468764276,1.8633620187022917
0,18.52369220128313,7.427902323045339,8.419334664838914,6.68249264960955,0.6285196033783329
0,9.258013667504917,6.921421514700425,8.55789709132424,5.893403226423214,1.5150254575735498
1,453.57417867876165,8.637718728405213,52.51524533853805,8.258421169160613,1.6684932404298154
1,289.2929214920489,5.481234393076174,52.778790581304705,5.294712094085967,1.2884391896322545
1,531.6150123140176,7.135488932043121,74.50466130365245,6.9305173150535255,1.5454329108223672
1,322.040835406629,8.398287665965508,38.34601124600063,8.09738084983519,0.9897255948115362
1,626.1562035113614,9.137675978357242,68.54338092068603,8.811655017138007,1.76185000437273
0,0.6191828103482631,4.696073410127144,22.243006932866717,4.240128261792468,1.5976814850120902
1,389.0281817836865,5.4668039014778245,71.19709666091833,5.184578344742835,2.650582596968286
1,455.26607553949526,6.637520785330283,68.68776781672494,6.340048276629833,2.2165619196702666
0,0.0,2.2832143234971927,66.26868519469812,2.1481554064533506,2.834376965882442
1,127.01914285021672,9.404411386221295,13.50448230149185,8.726996375091497,0.7043266547931775
0,0.0,3.0469724823895197,24.32997246525438,2.6868005336311542,2.2072994114895423
0,0.0,5.123794060875937,66.49834696393967,4.818858167330154,2.855050635370116
1,406.83339085087226,7.017429378888937,57.99291872569331,6.558929099574724,2.7487498445027088
1,268.8019903272583,5.035990045608131,53.37620076847054,4.84606902894206,1.4441156951413872
1,307.5507139811115,6.636689320237473,46.34090234153254,6.2598802235996045,1.8953394346927865
0,42.12886369233632,7.593735389137822,13.927005028264926,7.140764839647071,0.6080482048638708
0,0.0,3.532346366467422,54.258859783917245,3.4360049036959452,1.07050055984235
1,345.76079443243844,7.060300478045196,48.99668551685488,6.572691914111026,2.4428229376436703
0,3.5825608301825587,6.058083783794213,8.252040536155306,5.27163931100757,2.0686945247160202
1,398.82018715350875,5.729333208641079,69.6202143652977,5.50870271697518,1.940669873805437
1,342.68638487439756,5.869976993832376,58.39342410935622,5.699459311446954,1.221343374987563
1,494.26849459641926,7.749880477678476,63.77895239304032,7.514832650301808,1.3882307996780754
0,79.87207009254126,10.362432812689066,14.130312412530465,9.842771407548241,0.5210111970129638
1,375.0562028252652,6.249382402111683,60.01672730939548,5.995307727215556,1.7656556005328587
0,13.679570820734593,6.3641302537845,18.564200195932465,5.709406032054127,1.3989750858059287
1,426.50122976985443,6.294854436600284,67.75918364221772,5.965840849371713,2.5578484456296455
1,472.0082891951237,7.869060163989155,59.98731714299254,7.427995366026973,2.4377109610602665
0,13.461976714006212,5.210595924538467,32.74889144621022,4.93648236039638,1.24250111666447
1,394.8932059287031,7.629117567245927,51.777808216584766,7.088358594058661,2.6601085604221404
0,4.2354007708773755,3.9664672177875637,44.5826243663539,3.719926621239962,2.010135997958421
1,256.0233384312491,5.1123551884563065,50.07934302592901,4.9210756438994805,1.361386581385498
1,420.7766527682177,6.916258289034495,60.871243971886194,6.650974216618364,1.6912951297611958
0,7.409127087960251,4.297177172310343,24.958154845226254,3.7967457942541554,2.2110624820465983
1,366.43196430671514,4.803052136506615,76.29149504903911,4.689662501460731,1.3134309415791872
0,0.0,2.6786678096168766,76.11419482182976,2.614689162814907,1.3162621811761028
1,371.67987885001276,8.050244812635869,46.34942441112837,7.378001048005099,2.807724514301466
0,0.0,3.094841863710647,78.49608100546229,3.008595152146273,1.5766219955263492
0,0.0,4.021938961478136,8.418692893426954,3.463337832485994,1.8558357999465405
0,8.263079649700183,5.6250547614346464,11.001374237540801,4.8027807155159,1.4971574860175223
1,199.26702040816718,4.497752735350181,44.303685006474765,4.383455419387652,0.8133953168465988
1,283.90607463575964,5.591038562487033,50.77536180468767,5.1754472090814625,2.736654199341049
0,4.048672468296073,4.475500275008431,17.603385548391337,4.201442010899057,0.7789868964821264
1,274.2994318164729,7.451907531471661,36.77469924902343,6.729488497927444,2.6055779704884134
0,18.136655151393825,6.022484654526574,12.384521697508006,5.160179406096614,1.5601985721418776
1,573.5404535819088,12.537624400214034,45.745749885621976,11.636059408527654,2.375615632129991
1,258.53669747991313,3.842903675138778,67.2779620697145,3.722281356104447,1.5327424222257715
0,14.023894826989068,6.7451496534885305,15.259293943933898,5.944179182545846,1.389232507815362
0,39.383531758425676,5.171200243163675,28.12745034450801,4.59452074653244,2.3460614753635407
0,0.0,3.1649661020731767,9.9580365926391,2.793789588441346,2.8888739949838
1,341.79176264980225,7.865944431094581,43.452094741310106,7.742874352304227,0.49112707599179184
1,436.4314428752433,5.580361176938443,78.20999136859943,5.315131108130948,2.6847582016508382
0,0.6430400366970368,4.964311412066585,25.439339794415034,4.367696185017195,2.3439995960600775
0,17.336228561296704,7.08569200675841,15.257460149860007,6.11980497772165,1.7033398878972763
0,0.0,1.799748664318804,45.69084136540775,1.7351164371751644,1.1972570958619972
1,355.1913085338915,4.774365398329995,74.39550157982794,4.716116571069009,0.6530687107156682
1,231.78341605273167,6.7882716263518565,34.08960322616797,6.114476567456265,2.4841864445096427
1,430.1873946045681,6.285648347368673,68.51342940555975,5.959289192538085,2.570547284590143
0,20.904196694322238,7.67902934227446,8.609976228223664,6.537741384613574,1.5104559266156952
1,278.3606536837466,5.994845013678251,46.43328893971936,5.611928923085832,2.1353628825773305
0,0.0,1.5012061350637655,8.67646345958263,1.324868283941305,2.4734126058964585
0,15.458295277494344,4.831057057766564,47.04354609852373,4.653403102356689,1.245753976489528
0,2.214085817731061,6.158638022447718,13.087736215714388,5.241711612714015,2.3380943805938244
0,0.0,5.983523830772821,36.21382267054105,5.501757710472503,2.116721700662284
1,133.79006013880786,4.197863648944966,31.87105538876932,4.074877087465378,0.6807097639259347
0,0.0,3.5275182456563163,61.718965518569014,3.4885769654938987,0.4981988464718748
0,30.956208510882334,9.058534275454102,11.647021175079711,8.369859819584509,0.6395879950953076
1,373.2504194823891,4.6859367554889815,79.76663660921757,4.503008083181909,2.2517549826684014
0,54.67458287748212,6.25401018096628,18.163467759756635,5.3839299287511455,2.12351532566163
0,0.2744888641217712,5.241414135315011,18.64679407345256,5.0244321335484186,0.5557009859623848
0,2.5767916984004384,5.400570947643596,10.238868132536275,4.702937671826912,2.595831886548167
1,263.0082725650953,6.900387531790796,38.144897139284204,6.393639395819841,2.023243669227458
1,270.5689915543207,7.816794718457964,34.866498801883324,6.92330503203251,2.998225783310854
0,20.58805995668123,6.255579218591887,21.577807925539155,5.482850489563727,2.082881668662649
0,18.944290149809163,5.486152828276057,47.15130970224442,5.160770031166613,2.0182499680408776
1,294.4015619710456,5.637673433402933,52.22323309688415,5.281175341336943,2.3748849955303832
1,382.855470112299,4.914918331591874,77.9298339719898,4.727613214421111,2.1522471070707136
0,33.63153097383083,6.661247010514598,37.35434602081582,6.048589262208271,2.4920345044434433
0,15.527530705780375,4.899484100471509,42.34141087278028,4.783808357777821,0.7352840973422032
0,0.0,3.5550781901286834,11.312692593889938,3.025348164248402,1.933532175636373
0,5.747964084594985,4.8365955714684885,6.309634163488379,4.350612129373483,2.1302853324802546
0,0.0,2.4309023732760036,12.659720778921116,2.1413442234451154,1.1582516053276446
0,38.75878696209032,6.4336260971112145,30.707172670586992,6.102638220487518,1.1419808274158727
1,404.23818561213363,7.337349384729018,55.09485751301824,6.904368223672455,2.3441961601630843
0,0.0,4.221774436782323,78.63757163336238,4.021318983708212,2.6893802257005635
1,146.72668975302696,5.211463252714234,28.124858853190066,4.7343795992699675,1.86981476552215
0,8.883991379283481,3.561453572035934,65.63875970722705,3.503898113192937,0.7612968113572502
1,346.6205783516375,4.868281569299287,71.19978065001712,4.762906326373826,1.1116409649168217
0,2.0481132443243104,2.837210965281687,55.08580647458107,2.7269683411329977,1.5558771038848822
0,43.84825828419132,7.06149975988906,27.55968640219518,6.1498769896865255,2.83569935030131
1,230.45346738375966,6.663660348792567,34.59535774299455,6.248438054650072,1.5542005464963915
1,611.079131988271,8.359851139588269,73.09953400010447,8.055285705842078,1.9208855720236722
0,0.0,4.7550113327546475,69.46731296804127,4.534649807160681,2.3115767201186803
0,0.0,5.561372446104542,28.99404068754304,4.887878873772926,2.7026708687812904
0,37.11368312589609,8.911719955758945,18.873285443364367,8.249069627518194,1.021917912647039
0,10.610926308453417,7.0144418991329,29.722869620808854,6.37351280669512,1.9878643095287165
0,0.0,3.350891395558908,50.3420090418415,3.274840740259052,0.8214621923408945
1,323.27564760620993,6.795328517484835,47.573254696282376,6.524099916754613,1.3774514371005373
0,0.9445391690023511,6.8100294978063065,8.55661996908823,5.842287552372031,1.0700269932050275
0,0.4190783194168356,5.377215301190834,20.2838261033528,4.710496636935272,1.950766992056578
0,0.0,3.1038748460825447,49.507077638171644,2.902401917044936,2.32185966086594
1,590.2117342755937,8.804417373076731,67.03605094067285,8.683386043695297,0.6773502623896063
1,350.5856735535468,5.8931900824713175,59.48996530696163,5.797061042387126,0.6964928434117181
1,294.37380671858375,4.920987366207167,60.174761084399,4.605923073362429,2.7885660018371725
0,15.717921130237785,5.002651642031062,11.346821501845955,4.2579217807606975,2.010128010315364
1,204.08135273250602,5.089275411005858,40.100276807843635,4.971916705520685,0.6671253092256937
0,31.132071988685503,9.901191131402351,14.708843166699701,8.750931407575129,1.3005076011345336
0,18.45166091946841,6.824324328759715,38.84276215854325,6.718563825621808,0.43167508103817887
0,0.0,2.0554812533646882,13.99267422173001,1.7538912522819938,2.601298226577731
1,303.3440382750328,7.062931378279354,42.94872958730712,6.738377764481145,1.4232418184152613
1,240.0799603935122,7.9002381699501045,30.139076381390044,6.957925275226619,2.7490171186118353
1,342.73708660836724,6.704100693339797,51.127932138728966,6.161668424653492,2.990542505181926
0,12.906474596784971,5.5469489013307705,22.882199984277854,4.987801670412755,1.7098804748837013
1,447.64784145097855,9.305400524595289,48.10624113046286,9.104044243434034,0.7530273904378779
1,423.68811458452655,5.414576899324248,78.25113385733053,5.186765599195766,2.375299884556212
0,0.0,4.495238159797954,34.77555185437646,4.113134561558734,2.138495037379413
1,281.73482431810777,3.868996209158807,72.81990805483528,3.7491136699152037,1.6174310758768553
1,388.3071643018336,8.520093716634312,45.56566968348801,7.775265040966477,2.8855148806024364
0,0.0,5.73403911763155,39.97002614927999,5.439098392055248,1.4895983502959105
0,18.512664143393984,7.256298012378347,13.564218464563389,6.701155384848342,0.7394862920584317
0,0.0,3.268507487168855,78.33934242352645,3.1840446403965155,1.456672041019893
1,463.49792399936223,6.090525720940659,76.10146428123277,5.97564890796219,1.0359562752495952
1,445.7488920664651,8.596671230713124,51.85794471407198,7.948547996573924,2.829933759003506
0,0.0,3.0730657181476846,75.76467142578578,3.0482419813247184,0.44674329204395424
0,0.0,3.8010989344294477,49.07853841817071,3.501647690014164,2.7924636024767073
0,8.759989052290539,4.795867354176193,35.68514304634326,4.7176473108048915,0.43204807078044055
0,0.0,5.097745416091454,63.77161232787083,4.840853594423963,2.3090452936534134
1,274.5382719071098,5.207048784334591,52.72875170576965,4.974905618662539,1.7051812035892064
0,32.30406605227749,6.892471079736934,21.525463348310954,6.034480997343391,2.1006577453038395
0,0.0,4.287499535084952,71.3085196318681,4.123867626210498,1.9659897536242918
0,0.0,4.013020191282369,10.022118098375305,3.5529976466477535,2.9762406987388834
0,18.644834314300446,4.709931572237643,55.67037352321865,4.616466683723985,0.8039602027667372
1,467.0013557084488,7.286703220046555,64.14044121339451,6.963962804209598,2.046155723852695
0,0.7023529784173261,5.440606508373408,42.48437389622686,5.049264102281086,2.203249037996666
0,11.949094941246495,6.367371722179441,13.076537506540717,5.451414702592165,2.639312096292521
1,177.6115022863462,8.142401577099172,21.813159232910408,7.883477366697007,0.5047657953155225
1,323.13412471325705,8.471442332759521,38.2935827938459,7.593723006893601,2.9323670652716127
0,51.58286755856008,5.767850393200051,39.73549000051173,5.675418303893953,0.45433310686117934
0,0.0,4.0915679648637395,53.775526537294695,3.9729226504416055,1.1335161687126396
0,0.0,3.2058323977372263,67.36223648068045,3.117153632444759,1.348291612689117
0,0.0,1.8200586374398386,13.517338308922291,1.5489760144303557,2.312840853409536
0,0.0,5.032820221330664,70.71395858380122,4.7442947977780765,2.9293186446769846
1,477.7588527902493,6.607320199230258,72.30750718674095,6.527981278866517,0.628990032754359
1,247.0562229569827,3.505500004884753,70.47674314438301,3.4555062531097285,0.7168938536820831
0,0.0,5.118806540827064,21.90923295057046,4.46330506108217,2.202897469539011
0,63.08141484943365,10.038079945731486,17.083225585213363,8.829905674369083,1.5735096633034655
1,285.92262397159476,8.439487268356446,33.87914588462792,8.12719917046122,0.8973495359397721
1,326.8199782296876,8.409408786835936,38.85960687180378,7.819131944728249,1.9733336092087077
1,690.9097569314056,9.23184461939901,74.8409029065651,9.011087351984386,1.287836877596236
0,3.0998261264844427,5.338469738554136,20.308840090304855,4.545812747687903,2.997500804739362
0,13.35136828510725,7.2773585070458875,10.837953269402833,6.209423743693319,2.0850110827038666
0,0.0,2.761549597367456,15.105354929427818,2.3555999998760826,2.1081008402988743
1,255.77906416960732,4.916144168517582,52.22506487952781,4.58151421071734,2.5748467662923167
1,519.7156781728545,8.719018141129718,59.68880367387731,8.186609040786225,2.626556696508588
1,575.1165689471806,7.210764154467404,79.75806934860005,7.03865583595182,1.3760143865858887
1,397.1555283821068,6.528397053867525,60.836471777804846,6.362836099137516,1.1082554382390337
0,18.829262898977593,5.7303107161763265,32.02939825102891,5.153803503457979,2.3662961596442127
0,7.37909079539883,4.739691290418162,26.481667695411875,4.562147560891053,0.7094733226014476
0,0.0,1.9189871561743987,5.352501094227161,1.802592971292754,2.6944948135972426
0,33.28429217386076,5.6344299648612886,20.58370897153613,5.188529830710459,1.174367971649415
1,420.9666638906877,5.5045691752195385,76.50601961753078,5.36390658929429,1.4123308627116393
0,0.0,3.368931459827938,61.36367904130308,3.3308707789297345,0.5049346532945377
0,2.5374241924692527,3.2837372083473335,6.766096400589323,2.857820459480156,0.7082063375417698
1,295.45583826521613,6.169684057114627,47.88832627148147,5.955803351986631,1.1936255598729986
0,0.0,5.190634839117584,19.15775395254971,4.477616956123363,2.2083200573631667
0,48.844316649468865,7.627375007177129,23.22179087524295,6.786524867439466,1.9238942546876316
0,26.085122939982426,5.8248853810211845,42.28528926351183,5.272889413275844,2.942664915934012
1,428.4736315035381,7.434922674697607,57.64388977144212,6.906402699464682,2.974189586577516
1,540.8807141375048,7.324931418399813,74.01734429224557,7.00537279280997,2.3185518915078225
0,50.595338645484745,9.427837775515497,8.162101098068597,8.227016581103653,0.8037262552135087
0,20.133092667519566,4.802081328079301,50.059437697791665,4.630803849691469,1.2911410123776228
0,8.250819354364165,7.2263859346600245,18.039970935993885,6.333329387914066,1.7285054925418764
1,165.63437306602384,5.75053934163388,28.80327627431843,5.6208990750857035,0.4694807068728186
0,3.4585206032061335,6.621733353340907,28.733181856590452,5.8329555626239005,2.613538678122302
1,361.40611389803627,5.50321738740988,65.67181274640184,5.387892590741513,0.9829675196784434
1,438.66403152929144,7.30627707483495,60.0413296085424,7.035438838616661,1.6026103621430927
1,302.44451754697235,7.132136596816781,42.40587844068804,7.015053986425988,0.5042003297982364
0,1.842457759071433,4.7293319210798055,12.655683611918622,4.304677432209124,0.829461650109326
1,294.01795628240075,8.163269548644429,35.98416649454174,7.2824772517551715,2.8871439416318343
0,33.68361729599249,5.849912463134296,28.606693436209362,5.517674816532966,1.1743190165055775
0,8.00712135631705,3.5321288894227365,70.07636156894934,3.4855659787753908,0.6756141314416059
0,0.0,0.8826565736044769,79.8965093732797,0.8606117052625374,1.4381860470461794
0,0.0,2.6600903421741844,20.659322020172176,2.382084415633853,1.5853699003783097
0,34.844173804290314,8.526216661144574,20.014193338412078,7.25529517515294,2.9363463779386962
0,0.0,2.824919608431963,24.867173977928523,2.5826897040821124,1.5542405004312374
0,32.548366709475914,8.78668419147601,15.745753204706938,7.474651170423079,2.7129015272849197
0,0.0,2.520737098450549,53.815601422052026,2.362486898377852,2.4431951613278735
1,449.25698945851076,6.250173316906809,71.87924343525353,6.034464764817014,1.782500048097353
1,274.6140211296844,6.119142268919618,45.068307635008054,5.581204696055619,2.8717374376095006
1,275.2689574778992,8.309346842705049,33.128063451198955,8.001186795217007,0.8789281825785099
1,177.64043389655984,5.10477120228192,34.689390957604196,4.568705305488945,2.696729942022479
1,256.2062020552954,6.652797639775524,38.51104692009694,6.508729410038304,0.6054178396774417
0,54.88817024745172,8.619436194483924,22.796696698317007,8.287125542689624,0.6329212717243311
1,211.6149950857302,6.162086301499915,34.34172825758422,5.849822595159857,1.2527081337495547
1,415.8270716401694,5.678547549563307,73.23023683485681,5.517824843187242,1.4883886259370165
0,49.987768531801805,8.69721889686618,20.092721878814466,8.074884275791769,1.0521910219260113
1,257.3241860695018,8.030285241893624,31.965786419224592,7.217346384681367,2.390506448302263
1,433.49066572727315,6.029723459664411,71.9045763319464,5.874866191544179,1.3165114344889266
0,1.004278504617553,5.399670340235251,22.92898957886792,4.669707784052887,2.542792147761747
1,321.6015273447924,7.5276361568898835,42.778802477768664,7.070131248563291,1.8693713458728602
1,386.4392957482114,6.864619832508656,56.2943477101238,6.7364562483096915,0.7734858145241776
1,488.7437804455937,7.214297435182052,67.74655256965929,7.1075715601742635,0.721704471332265
0,0.0,2.305460591120277,54.01078278638416,2.2105066433457043,1.608224713576969
0,0.0,5.255683965312081,55.3943203321812,5.007210559128013,1.8872988032602223
1,257.81074714484544,7.838451482477866,32.89024553400483,7.377174902544901,1.3933921813526675
0,0.32718253435309624,4.124142466519396,13.646247078589719,3.671863035781041,1.117444766139092
0,31.647240660589524,6.036093722962901,32.07897332862041,5.623401912382547,1.592946534178489
1,334.9397474560444,7.536233009665725,44.45775658680178,7.076072181729774,1.9613464049701395
1,418.0543664247129,7.067586783447677,59.16032094745827,6.574648473910378,2.967837337395515
1,461.6041294500284,5.945592684328688,77.79363126247556,5.700497741915511,2.311158376225342
1,338.2412115651557,5.354233260618998,63.24475374257221,5.083840574027849,2.3023213417627213
1,595.5917458425087,8.117626314114446,73.37068859522692,7.904490386486563,1.3966896526633912
1,416.0140682309922,8.258354663913922,50.37538262215977,7.995713458106533,1.164227099386851
1,395.72506578070477,7.89656678546313,50.11346202737003,7.482824512367549,1.8985267900173075
1,422.1826979647361,5.848306135560396,72.20758562733764,5.605881721636529,2.1616197158655712
1,348.4625988710701,5.3918705289840405,64.63404062517697,5.219460641984971,1.4854607616211797
1,294.62253773750973,5.486763151391861,53.761841108913025,5.089024242323512,2.8201240486897854
1,152.71522927700275,7.640222645071366,19.988321850297815,7.405605273373839,0.43886846021371834
0,40.670784980804854,6.987787571727432,36.00122370572622,6.818846898136545,0.6282745216035396
1,658.3089609437018,8.55992984733743,76.95934541470992,8.188488905314953,2.4120345490373647
1,379.15563327339197,6.211612268837522,61.04069391052852,5.86278521121077,2.486090875211329
1,279.65103736145954,7.9118948465953505,35.32690643537134,7.2384951404560285,2.175911677212179
0,0.0,3.0331714865204247,25.07897315389824,2.673186319962663,2.2673367671646867
1,289.2832314263393,5.163538975024925,56.024220515945274,4.993836171495612,1.3363596059080365
0,0.0,3.965531822787411,5.913257003756346,3.3801746404463033,1.072636649225314
0,0.8255003433413863,4.19566384635842,29.448949559583554,4.024321011985827,0.867150194411695
1,517.8898586273568,6.932946155389461,74.7029227295252,6.65185108875314,2.1858145792982353
0,27.987909373489675,7.7035556669653875,11.180195385201877,7.175518082153946,0.562908027330417
1,345.6521842205226,4.567192623273954,75.68159633299865,4.502613221553658,0.7654927509966205
0,16.39306746552935,5.805889860140965,25.32798987898467,5.2453562680341905,1.7848774881178051
0,8.861252832642318,5.224579137267282,10.480821180317799,4.841521009883562,0.5493951347067537
1,592.3032787022164,8.70332403185729,68.05483474375077,8.61222405944198,0.515483460005954
0,36.04692730794118,6.912954089679584,23.010808970700467,6.2007867450357175,1.755427162296344
1,279.3860761141674,6.585462387479239,42.48352818056662,6.051609831493681,2.506131547302367
1,343.55571539235194,7.615410229831358,45.10519709633595,7.044983616562613,2.444632399237614
1,366.1574331035622,6.773669611116455,54.08176880466863,6.330541564151052,2.563988645910072
1,417.9682706738386,6.355895492852356,65.7624575080978,6.190051304875491,1.242065917602662
0,12.973658763084565,7.099078781161291,5.275870132485519,6.047959886070154,0.88097685419816
0,0.0,0.11683650306846705,75.78269902310933,0.11541117643957882,0.6783715513249278
1,291.398599423084,6.430357070490411,45.31608378525522,6.216817468683577,1.0909254089042335
0,5.488114996922287,5.035609270574533,17.84281583575595,4.484064688498695,1.458066067966148
1,477.0095069602882,6.063719372803791,78.6664372400365,5.914438807032513,1.3854868072597244
0,0.0,6.372715461236335,22.219582711976333,5.4460200772510845,2.9309229705351028
1,448.57960409408895,5.927778547646815,75.67503451745822,5.684345722815525,2.2334754199986953
1,212.3752560979009,4.76403123964153,44.579288003167974,4.362547359622941,2.720072208391869
1,313.7322672831274,5.676627425984905,55.267369831983295,5.548706269009976,0.904399851490524
0,2.3470106835901903,4.527442528004845,67.60518231718352,4.268284853457457,2.7936596996703997
1,250.05986622173157,5.512662354289886,45.360998041358336,5.343311364435536,0.9919637863759044
1,223.65368062647204,7.953757797067738,28.119238912846065,7.606086484510527,0.8929908010692358
0,36.78980410341017,6.495547259448595,26.623918166823273,6.154346644514147,1.0004614668577816
1,339.9975224651296,6.350306452547528,53.54033862099849,6.239779779593724,0.6688761947234929
1,550.7186620950085,7.659724485770172,71.89797907868879,7.512976541498342,0.9929554933985839
1,523.8833336931066,6.790995550846654,77.14415976248725,6.522403283264059,2.1990090911757623
0,0.0,4.094295284628394,54.07052237039675,3.8412032269349736,2.418556863062777
1,256.0938798479445,5.963328765625621,42.948798010795045,5.688364609563328,1.4281569519579334
0,13.051880543677672,7.157564341494031,9.620317156331254,6.0951266582062145,1.6780443651455692
1,187.04356932209006,4.956197811631686,37.75135547205682,4.713964474658428,1.3314058466889664
1,301.26047401304675,5.715486090282476,52.858864540169215,5.2763988955882395,2.9407782907501807
1,212.6140415380114,7.584108920497094,28.034149016030238,7.314896676964085,0.7292492997040387
0,2.178477704636575,6.224590346454589,29.628290457559675,5.4884491660354975,2.686509700119528
0,0.0,5.17304900257822,67.46210416791052,4.975878301869066,1.858863690249617
0,38.682781424991624,6.46736408358837,13.2563959543264,5.513169900322538,1.8853870983406127
1,633.2737122538283,8.068847242041855,78.49382423772889,7.78774811255857,1.970456056911388
0,2.063323352120224,3.9273275383431727,26.18446569317311,3.3897165324445857,2.9810785193576064
1,283.893519328279,5.5002710187649155,51.61534326058571,5.149546444970249,2.3803377714989873
0,0.8723452164600551,4.090035432807434,46.211389731487955,3.875568535711355,1.7517536263464732
0,12.61552643379288,5.266413682933698,20.93173116984999,4.629316381690003,1.9628572703838834
0,2.5303982952373487,4.855538829902242,5.5925868423870515,4.299611640559557,1.65823662836153
1,582.3729484612923,7.542573975855314,77.21674388969248,7.182025484309685,2.6680748248538086
1,551.014437833177,8.090795472313232,68.10386441218952,8.000312182592902,0.5507785558940377
0,0.0,4.7711086251323644,6.525323774023308,4.055249477725983,0.9744477169324343
1,340.5094467694158,7.177047900547077,47.44423541675914,6.766456011691157,1.9564346522075864
1,315.8002860398696,5.621012971623361,56.19078758371063,5.242051656838907,2.748144184348362
0,0.0,3.6794856513277456,38.473356732274425,3.3186066548472435,2.7614255377512054
0,7.837189316409687,4.830149018269833,22.888386357446002,4.705607312347267,0.42180969137739555
1,281.98057457767146,7.133103503205106,39.53135972060818,6.919179371124537,0.8658240806721902
0,14.934313328086436,4.888515045930647,47.32607827109017,4.758961774546476,0.9136286769682672
0,0.20959348616764056,4.037419934280838,13.2541175018414,3.546948669108579,1.2437463495178127
1,641.200786929393,9.50679346226759,67.49753114262384,8.974190175674241,2.727310439731608
0,2.503238582028768,3.982414187948408,14.512518911822827,3.3996879984230794,2.8509041609126418
1,349.64295821076706,4.704126917736221,74.32685618434377,4.6510741960861,0.5964865894975271
1,353.0773639307427,6.209346264305242,56.86231450026708,6.016996668207483,1.2747582367438706
1,265.2805314653689,5.979824294650047,44.36346986071053,5.605943480203546,1.9901771894161366
1,234.42925802534364,4.925329353637129,47.5966663737855,4.823770032670478,0.7067718123684448
0,35.05851513692563,6.591163667876691,16.216940554742934,5.609870590808563,2.8048286833257285
0,0.0,2.9341307733053985,68.86419564838016,2.8872331717235777,0.7814443280096197
1,308.3387375600728,5.460631196158942,56.465768605095235,5.370223353738948,0.6798956566276613
0,10.377016859976777,6.274950997431206,11.602207488064156,5.861685085403581,0.5522357275936889
0,5.223821296050072,4.762075591211809,27.960682469368027,4.424912624488028,1.4335339523370485
1,255.02912208645836,5.665334775198408,45.01571968254161,5.548827716219744,0.6732242446203685
1,654.5833007308228,9.770232893639395,66.9977172352771,9.66353665234561,0.5269747623397071
1,366.8975024002765,4.86814590909127,75.36698966132644,4.8166443484435275,0.5811921665354255
1,443.8589990011233,6.613003807412207,67.12727141989754,6.299050058928489,2.307796093068586
1,188.80204861223456,4.967584941417093,38.00680831557373,4.842267435038432,0.6939181073046293
0,7.53629741760349,5.030503981099776,23.519225735273942,4.487197336771498,1.899582638785699
1,356.48357632349115,7.109080138605668,50.23519115340507,6.747359632305164,1.8552753188313607
0,11.781938742013786,5.261609346193971,21.65332275994355,4.668881243773594,1.8366194434418297
1,190.43198705492767,8.091616114737999,23.39064437653581,7.164987038190643,2.021081131255371
0,0.0,4.617338133535329,15.475836251947008,3.9283119424548674,2.2966411498342225
1,397.92258332162703,5.935961055834771,67.04240692468102,5.696183939197825,1.9509918474446888
1,209.8323962609864,6.711000669719503,31.247247511335416,6.134263248955002,1.9499175820659809
1,274.8371166353232,7.0139361026552915,39.18443404860231,6.8592134255775825,0.6181837223332961
1,620.904038189011,11.136925001093527,55.75526214652854,10.651696549689124,1.7540593855034632
1,140.05538757892373,5.497470771987132,25.37518145462918,4.906180612998248,2.0409140691547862
0,0.0,1.2747581937111767,42.79046812044272,1.1714035103561669,2.51105069391992
0,0.0,3.7725899649598222,77.17544081944425,3.722518057410909,0.7478125164327363
1,374.57599889682325,7.773049043924729,48.189069304379316,7.576651833886286,0.8745614037870277
0,0.0,3.8611887246829535,29.669664987705886,3.377010929717006,2.8988853475560097
0,30.906190579667392,6.765265911349847,29.706046159798465,6.424826080128341,1.0803371743911505
0,44.257654773011836,7.737994534267638,24.502307104472557,7.486083494127751,0.5761946428238007
0,0.0,3.399413412593335,63.87611578192082,3.29484013121115,1.4262543742761395
0,0.0,5.174529389264899,61.67794652802982,4.861939382913239,2.6815453678785843
1,199.7616946782545,3.9641318609421896,50.39213271287777,3.72295948984933,2.2097673865751384
1,520.4128946930265,7.463820935963783,69.72472935639573,7.319167952841975,0.966006485025327
0,0.0,3.9494157251494633,63.62292286856711,3.764437619133984,2.157069734851725
0,66.44561542115761,8.041289258548085,12.18673843552648,6.907582618532713,1.4767435959091055
0,0.0,5.183452114520592,24.38862561847676,4.56739343626842,2.2126906695851734
0,0.16572253842466206,4.611478044650787,7.136412316981886,4.137485861263749,2.371478044597122
1,264.86903728470344,5.547856756454213,47.72350825760873,5.0767265123068555,2.934011603576037
1,325.4584000701285,4.718620259388809,68.97443017654842,4.494677999562874,2.3693348917975428
1,316.27629840574065,5.66296393707848,55.84996206225344,5.474089501147079,1.3436812545270735
1,394.27682651629533,6.73066173788636,58.58859679495272,6.438063219146947,1.8335075472600684
1,408.6069460831082,6.792644745906083,60.30225281524483,6.342236411626858,2.8874125508375488
0,18.91598260677032,7.637290076019254,22.58470366650034,6.557166764820015,2.7644419307266355
0,0.0,3.6221761496576086,21.231494562171235,3.1698232294580713,2.084757445391299
1,337.79447733744485,5.555329662224154,60.80547832431372,5.458569819859902,0.7659149081800198
0,3.7600449471882125,5.802972562689211,17.04388279601004,5.415941566159423,0.8188020196766312
1,280.02341463495054,5.316327054160739,52.67237310236706,5.14079676934339,1.2451861244113798
1,281.97819968558116,6.375055929115933,44.27026084148868,6.0342998468230595,1.697481898842082
1,352.35830532253397,6.898983341442116,51.237845797865305,6.4823146499100615,2.2291019784140462
1,421.0190682002832,9.235252802363565,45.58827477735478,8.817808582823332,1.4826184131702997
1,183.87725176210137,5.775762900625227,31.909700618287218,5.1221345926788935,2.7240168776106994
0,21.058825649964113,7.0096985354077965,14.00215811118684,6.377703434330105,0.920400893208787
1,427.85532521618813,6.85354813116622,62.51749165135727,6.521635868795088,2.173460703220825
0,0.0,3.6381504176383737,69.4205236084624,3.5271278367205885,1.5350938046331515
1,393.17762786552237,7.548274721103144,52.08929705551097,7.0749882318932675,2.353678901321931
1,193.44034615068,8.017154520040991,24.082469942972,7.228438056076964,1.7341724428501104
1,270.6231174624343,4.881397628929237,55.43967912133333,4.8249587698593475,0.4587689592329072
1,419.5506981260814,7.803233455997918,53.80373964174091,7.459105705539022,1.6963609343507553
0,22.236114804524306,5.796747352655127,23.532502387290293,5.406453570304552,1.1385146527587318
0,18.624615023708724,5.5245372481108435,36.17670178295789,4.996305342469419,2.5249182048782797
0,0.0,3.7833174873843407,18.325967831602718,3.3519852728744812,1.5683028434312147
0,0.0,3.0609727960238287,6.970658307044659,2.726600217423993,2.1577966303207483
0,4.757058183573816,5.150997388607572,32.10846587284213,4.798186962066738,1.5908187084328418
1,207.73412641052724,6.388561902171168,32.51655924207892,6.100287621762783,1.0474242621342875
1,540.2913346445292,8.103402395946489,66.67462730405634,8.021965590499876,0.49203069162284235
1,203.24135998300054,5.274739105555012,38.567638663229346,4.9739507781194074,1.5763568206284555
1,258.9649746179839,5.267131398834539,49.16622644175057,5.184187171164271,0.5466629583527011
1,110.02009602972728,6.493016046010345,16.934983173416626,5.94878993734771,1.0409416937966904
0,0.0,4.245155454697871,52.998618365612955,4.0840497047377795,1.4503820959229539
0,7.97973209842872,5.08169168102268,22.19464761709775,4.86395285414283,0.684283104080756
0,0.0,3.219819409252501,11.949140370828637,2.774290412632899,2.6795135507861922
1,288.0598051990731,8.95500681614837,32.16745700619103,8.612599177460208,0.8930441692368192
0,11.549845246756,6.176292742639852,7.063211311714337,5.29339393734655,0.9044709713710574
1,398.3777601705066,6.49139229178175,61.37020585684367,6.351969741885597,0.9577930735484079
1,499.0680796418857,7.641401871141255,65.47605690018273,7.176295775706985,2.8681869914418634
1,486.2257786639696,8.577855275676004,56.733187141150985,8.100948813197071,2.2701818174596715
0,0.0,4.229022713977077,30.56790098040357,3.9370642228154,1.5139755060415299
0,0.0,3.7940826014160627,13.641734321982659,3.23159904666004,2.4926276243789998
0,1.9334648363393412,4.470446196316063,44.3815166648692,4.096266008432002,2.7051497326052116
1,241.07382599007576,6.406542599967543,37.60073902044218,5.841335767538039,2.4136027035319954
1,443.59035888605734,5.874607619959019,75.50978510452441,5.759965512967039,1.0663726936440283
0,0.0,4.170554464064877,63.085071106628035,3.916920186492689,2.77959525457463
1,234.67691655458563,6.149119017019034,38.16213952260668,5.74085578866824,1.833045547076697
1,502.24156759799183,8.6865745521557,57.825961516275875,8.18924743673461,2.3968881794994514
0,25.362818027414303,6.042838839265602,12.787324805538736,5.508541961018778,0.8345117205437989
1,216.04975576319907,9.005283359086427,23.407788329015645,7.774967511329538,2.6672144255844024
1,752.9865510333422,9.803218049681622,76.81017202717814,9.656271401922,0.8340975939449091
1,246.37705432624554,6.77893700141275,36.34450047754608,6.5913020482784965,0.7407554009846422
0,0.0,3.974743763102663,64.40301612824129,3.77010425461163,2.3929424832518413
0,0.0,5.153189186531176,16.674992878550512,4.471222663048376,1.773746399328191
0,0.0,3.431440011051106,38.3050428842466,3.1647171450386926,2.1563625217303035
0,0.0,4.2779037946451925,73.08682224259721,4.099498930827152,2.194303504856252
1,507.1800879342803,7.995083792788593,63.50411005167989,7.51764006810736,2.737633111637928
0,6.845987809510665,5.163856133605077,7.632243441861544,4.51462308364288,0.7444186450137742
1,252.45189231770766,6.169507871091723,40.90217625348009,5.654884114991625,2.4599814846087957
0,0.0,3.9573139296519413,29.20449124834785,3.4630913831883183,2.8294099488688618
0,0.0,4.0744390037181075,32.589337442246844,3.724174485185841,2.0318846851954087
1,374.8360003376154,5.228428021737025,71.69906100077894,4.968012285086998,2.575838027324197
1,172.53441078722486,5.160579034848624,33.66231245030673,4.579383343775685,2.856903110282237
1,449.1787667372108,8.549662187265263,52.53760404783449,8.392512045036542,0.692332802026896
0,4.810474887306917,5.82675777695663,9.622136925294722,5.1871271060582425,2.9967434609513797
1,480.27288087888115,6.345616971858314,75.72637692835671,6.02947141927461,2.7301442921454093
1,480.61324526596644,7.460601997690036,64.42019161629062,7.366088908505853,0.5957661757625102
0,0.0,3.2335742270882406,15.797943858259124,2.7559302126926135,2.9284115731260982
1,381.47833487482427,9.157085390983342,41.773378256486694,8.389461632555923,2.532488737829163
0,42.58418757020102,8.529747896120108,14.34544363287314,7.258058327734654,2.512193954315157
1,254.98051218248497,4.306612782301946,59.206742342683924,4.17981358347891,1.2597629801623806
0,0.0,2.211015708911996,76.61923814381232,2.170981809492103,0.9900309447950847
0,2.2915492483352096,5.3687975408051125,16.627543551785106,4.692257468188266,1.6564489851742432
1,253.29619751297437,5.7127550855314215,44.33871122255335,5.573746263639108,0.7744118349609008
1,257.9627825404033,4.079283170238294,63.2379650019459,3.9236828046308263,1.7526336469023747
0,11.638270992845216,6.6837378002606735,15.399596689872984,6.052216262192955,1.0639471281543633
0,0.0,4.969159658701223,79.92087653211307,4.874217579405386,1.1087468373505125
0,2.8531719604271126,4.689776612083683,12.063496019518983,4.0833221227517935,1.2255820205255086
1,284.2695711487261,5.061498926519168,56.16312080179196,4.9112414438037435,1.2071246329591374
1,321.70205495092284,9.181797001574935,34.893845207497925,8.180875885649488,2.837884976640235
0,0.0,2.9275140305362273,36.05145435918964,2.8542007812670924,0.6517351803515266
0,0.0,1.9587997302935012,5.482505588383262,1.72473720110035,1.5201992312728199
0,25.343405821070565,5.776662833342445,34.11048822171668,5.348954252380367,1.8291055999374692
0,0.0,4.325416958295387,43.492701113656494,3.9864456665754053,2.4649632938799595
0,18.385313260165418,7.149034515010645,27.015661318629775,6.788921316938943,0.9867800730820774
1,834.9605520447726,10.458082852912906,79.8397100237473,10.04036035011843,2.2969800434297056
0,0.0,3.633503173551625,26.29612161774835,3.168396386826747,2.6627891266447272
0,35.883344291656094,7.137766063893758,21.34063211186768,6.1696676396222605,2.387364957339768
1,280.7184827079739,3.846201680828618,73.31188586440389,3.6474789396822342,2.7363331649226463
0,22.314014994332165,6.0004734910378374,23.966235367797164,5.377673587795976,1.8458564375282434
0,0.1673977300287976,3.183979967320432,14.186430582386546,2.7588258966091357,1.563996997599432
0,2.6826913678463993,4.9442021574058295,9.626954620830706,4.3820640906580905,2.8831223890335584
1,385.72692164836496,5.576995978043331,69.16392333303425,5.493515734846371,0.7341523253472596
1,431.91055746733,6.646454277092887,65.01868428466025,6.283966676152464,2.564198078427003
0,0.0,5.620798981982703,17.936168576788393,5.396313995379131,0.528689935634879
0,0.1684402144019872,3.2708865670600753,49.92559695487485,3.141950530540926,1.4281458735312968
0,0.0,4.494645622276489,48.45410639157678,4.39492674846593,0.7768301592321236
0,0.3781813411719568,4.843506702443701,16.968985033319072,4.227640511616862,1.6875744473033318
0,0.0,6.469331145117813,51.04677954062977,5.980376323718962,2.7893118053058665
1,319.23115646505664,5.581065323321681,57.199004496062344,5.490086249481145,0.6722629801178275
0,9.865077125572094,6.815242283299742,32.62660535054671,6.397292245896105,1.436430586225756
1,266.479206209094,4.0229771226297295,66.23986469435748,3.9061205433784574,1.3844914012247638
0,18.723677135904136,7.8029362893780005,38.179467222928935,7.563221181441435,0.8560485441915933
0,0.0,4.025079622643189,44.52743321805839,3.765149606848971,2.0842027739163496
1,316.6381154810276,5.634377507816826,56.198021343213725,5.391934982166477,1.7437057542592398
0,19.239858759015583,7.595666538745009,16.60204233519635,6.682695475663894,1.5336100926060987
1,566.2114011885787,7.085723223607194,79.9682572328051,6.798610889779143,2.343435195639176
0,2.784739646276133,5.282676829370493,29.782964000499828,5.0613879667752055,0.8943440352994342
1,294.03246941680624,5.774968594591986,50.91591549107052,5.50856362658854,1.6831462331952598
1,515.8661899785363,7.0503300553240775,73.16919458121248,6.828080304513268,1.6703118954296148
0,1.9536297202916288,5.799118509149723,16.75878671582086,4.956354952978383,2.2388864583364687
0,21.51214045901534,7.744547614692328,25.71895771940544,7.546896830168545,0.4799299693491251
1,264.2818780184875,4.351136210420216,60.99692356162132,4.067462558075749,2.8696115777932603
0,4.576144628380801,5.455235217326971,51.13369948110953,5.350003246725082,0.7058682245714292
0,7.900764667385506,5.292621916246267,22.5644624457619,5.012036516775398,0.8676691715049653
0,0.8231116632536912,1.8443899496571905,69.5532907100825,1.7764640285093594,1.8488756145912624
1,384.244419591623,6.835058320332681,56.21700035466589,6.51179907720024,1.9234668277205444
0,0.0,4.0393424354633805,60.56006072211615,3.8837050307444554,1.686531235672653
0,100.12790435845628,9.04538543860841,18.68655038269472,7.728506428987766,2.487191170902583
0,0.0,1.2800645624823126,63.85179483569625,1.2602631262275699,0.7131544182698684
0,1.69672889956749,4.258423609976676,16.885620994582624,3.7574065835567683,1.5280378773249006
1,330.9048594853478,6.307020288665758,52.754938479235676,5.879376962253555,2.58443833912551
1,580.7289689803657,8.457196873680667,68.66689442565504,8.208257108743469,1.4467620227349691
0,0.7436212025406431,3.1342467102573486,38.63202807122602,2.882878495271118,2.2387033088517843
0,7.702171096153569,5.525107807013155,20.138283386501833,5.03124490226358,1.306924260543973
1,261.29684557480715,7.44751080971454,34.891505137239875,6.602343755977236,2.982060123346862
0,9.945839459216423,5.447973939716979,36.53364240437121,5.270555757097875,0.8526868740868854
1,274.4494340386921,6.47452407460497,42.36611553316372,5.920318824398197,2.638988626370307
1,166.06110207522786,7.274182454340474,21.971118105650547,6.233571688778095,2.8017394476107658
0,12.61353635298574,6.319761162566701,24.733102980695705,6.159998413924892,0.44522992625338675
1,319.59453945036336,7.341810163597946,43.540066593215066,6.773865104723349,2.4498161070518223
1,243.4591639905084,3.0764317144544298,79.13791415690409,3.0253750340179115,0.9431731745555769
0,0.0,2.614900547746373,44.522655017154,2.476904209201512,1.6861634723230847
1,405.1841632486623,5.99665619624982,67.57787556181864,5.680916430437313,2.5596944447059027
0,0.0,4.1269691964122215,44.264184228977015,3.7855740981671455,2.659850082264437
0,33.55391356704326,6.597049742488625,42.9236989096359,6.180050185833456,1.9656767329772342
1,341.5665363734004,8.157053494035024,41.87376442574728,7.952340586375263,0.749070663219082
0,0.0,3.946485839535359,12.824839067000429,3.3794093721159695,1.6685266335760414
1,128.4589460980454,3.683622494283641,34.72342179267738,3.277586718731742,2.8730761251099697
0,19.27470308034407,6.010660106355085,11.979678522942116,5.1709885516149905,2.6495957707855418
1,386.2338138709802,6.020238469184965,64.15740790824228,5.700887216386525,2.4575563026419553
0,0.0,5.012964809433497,24.03729479341254,4.4355858523234755,2.0912999246607544
0,7.40145169043034,4.492141306810172,58.132157634234545,4.414509913830764,0.7184962243458389
0,0.0,1.993560573408335,10.415466558905955,1.7278602045878115,2.4924197030241144
0,0.0,2.5939587841750287,8.215047706531553,2.269106775368619,2.1616412861784795
0,0.0,3.5670976657463465,13.286060612466805,3.037599741777457,1.9180897605023115
0,28.2175129148624,7.022324898447548,19.506952257806255,6.438520580822659,1.1785089255169083
0,0.0,1.7768278597280915,7.147059229476635,1.589163697841834,2.3056976740839232
1,270.0611494948298,4.8558316342427075,55.615852671981656,4.699850417262593,1.2940514164105317
1,103.32423840708829,6.6650391713576225,15.00198574415489,5.7264586818737495,1.8257402544188874
0,12.55402226085738,5.32329199023817,21.899467836934114,4.9155212938939,1.213459312744658
0,7.580693969634688,6.294481414399417,15.677013036706718,5.355497597365469,2.7822530322682257
1,257.96890952225976,8.34110098444267,30.92713409779765,7.854163480211714,1.295347247774962
1,226.6739163192885,9.769184037449461,22.774510396732182,8.472966556992413,2.4381159609990846
0,0.0,1.7464917405294647,50.16630997277678,1.6271946893616633,2.4796517415566743
0,56.15891626209999,7.9294893881463375,26.85534871162887,7.139147111983777,1.970645202065124
0,0.0,3.1808998334197147,61.21944645596418,3.090361292806971,1.2635786524876722
1,218.4041126032131,5.935815051583429,36.79117827174782,5.526291870976062,1.830401375506288
1,289.7014567043186,5.6968380926790125,50.85302699883404,5.580427259974876,0.7506444650703817
0,0.0,5.773636208027616,78.4198926650256,5.547797280867299,2.219297187785581
0,0.0,4.896777187183483,32.73460336860647,4.478338153739047,2.0266090443104487
0,0.0,4.69990649069952,7.703745312264061,4.02463262198271,1.5735925761839415
0,0.0,2.8003796305681665,10.472029466830246,2.43927245649981,2.6387421699981664
1,440.9827841449153,6.871025076268526,64.20649083031934,6.66990233569987,1.3579026749637302
1,512.1037272871896,8.927092995108268,57.41817044001448,8.311803397033666,2.8637763956100963
0,1.1627650001976353,5.4386602582234795,9.592867645673309,4.645930473777372,1.8872248240147211
0,12.113565892826928,5.140063749220402,27.941992064178685,4.555702684952197,2.393151874522057
1,444.82946143615305,8.525452596528805,52.16904459428871,7.883984201941636,2.8445652191652973
0,0.0,4.24945387296285,60.09842842705439,4.08012118167057,1.7269717632114352
0,4.796691358712502,4.999451675210794,5.527624637040471,4.4039253315166205,0.495384270455759
1,247.68917532786946,7.364892651216042,33.6310638943288,7.22544689034787,0.45280306076498156
0,0.1963195221830539,3.8412418316427805,23.383407106298662,3.395461242926217,2.0529625563182288
1,420.93603739428613,7.189628415890125,58.5476765217114,7.121069915645929,0.4018959684070099
1,303.314491478097,9.716162043992387,31.21711509191824,9.154334396526384,1.307844813613921
0,0.0,1.9998254336951526,58.54667671510093,1.8690582198029435,2.762466347292713
1,343.43035105356637,6.07498807982995,56.529784495235305,5.662046407088537,2.7840582360192907
1,370.6422324709839,6.093785851090704,60.82309823046498,5.867254933711888,1.638707272749535
0,11.941271730336426,6.505312080351342,10.901765782332518,5.573321264602521,1.3883807423589873
1,487.53183573665757,7.300324880802962,66.78221088894827,7.200017733827407,0.6731876507811636
0,0.0,3.206548805647081,72.80767846113565,3.1810904009317187,0.41976892210295225
1,237.6328019763725,6.789157894337632,35.0020454306642,6.4854050948286215,1.1303340818367102
0,23.444166366553244,6.906178865249016,23.752683766843674,6.339266772554551,1.4144023884274235
0,16.449713299533443,3.8188269927824,7.291721750354938,3.512005735352972,2.996465817592377
0,0.0,4.309881097830547,10.334490152863278,3.7346014116023882,2.4518288762088605
1,310.2631971239357,4.444742977729341,69.82313195322908,4.247968127871248,2.237425187196024
0,15.416976976851464,6.927528472866288,14.039135280548985,6.2554310664392885,0.995191769778904
0,0.0,4.7417152694165,38.54699000400316,4.496601090608682,1.4364929309849281
1,483.98584030205257,7.105015922088442,68.11897768098657,6.975380427925265,0.9031532207995365
0,14.189393254875661,5.4230690714273875,17.95028542291849,4.615975245474259,2.677711754306155
1,345.4713968047933,8.619677441744786,40.0784248911987,8.080857375381061,1.801191671669904
1,562.4758606630072,7.797727138383427,72.13337703010721,7.599824732458452,1.3148980065436464
0,4.149827276029997,5.686647352472304,5.861689777834073,5.0532548446776975,0.49411288019271976
0,0.0,3.029554663318745,39.95090097467465,2.934176760867409,0.9076217086145796
0,1.1366571498085836,4.619978735601427,20.752168198376918,3.9487331896137308,2.760854007973333
1,294.21371549874794,5.806148195996512,50.674343660536806,5.619271478524841,1.167864269332025
0,0.0,1.1091703112884241,50.196866732099124,1.052651113872935,1.844151844725062
1,641.2249626548466,8.133222558548379,78.84046199416997,7.946557947507662,1.3019876977975962
1,424.4765776522863,7.2544709538412055,58.55916450440944,6.9485714357824415,1.7676963126534284
0,4.891375808970594,5.814693603482379,24.28897974451258,4.994712661997059,2.955855402166767
1,324.80798360028626,7.89813640334977,41.12463117568103,7.530924065347699,1.3709577776865667
1,475.20476180039475,6.758134718130165,70.43439301359409,6.399339075144431,2.708724542710547
0,0.0,3.9614283977257165,8.651949938604723,3.5063187208734,2.5470474973919712
0,0.0,4.132382023963295,78.19395406398247,4.063877719586771,0.9329577720782902
1,638.4653400347227,8.29287380126574,77.1202845706607,7.946167799118392,2.3324992597156764
0,9.251929479519564,7.118823854616307,22.307748058270175,6.148013250570142,2.5327619385913915
0,0.0,4.442676577827553,12.464598700796309,3.936612153651699,1.0769720432812755
1,567.9801262952286,7.7242059703913455,73.66210480517135,7.368937445671356,2.4479470368895715
1,406.3762403524565,8.2451442732841,49.413924431389674,7.6097291155326054,2.759727854004744
1,272.6872791679537,4.756960290147002,57.33012179476807,4.555065599526863,1.7486378282499593
0,9.774989262442137,7.153845282089952,25.07404499141286,6.577167644309049,1.4719385256357191
0,0.0,2.925828354693211,7.888440200255275,2.5534411916179223,2.045958660016112
0,0.0,3.5332568070724792,72.65991314440211,3.3950118718087965,2.0374112323252165
1,556.1224340057396,10.059563016137231,55.28313589610716,9.599018385471174,1.8201909777481187
0,0.5023360640080908,4.379055687193681,11.850639992030324,4.1394261656688744,0.46804654797917716
0,0.0,4.332670845350781,34.802778330217414,3.8465994647030444,2.935757088850652
0,0.0,4.686642445903094,44.96284693562879,4.404562930429324,1.9408960892319245
1,594.7243387618882,8.610678825240877,69.06822933138145,8.5078775363408,0.6012588320744328
1,246.7356222648911,7.956580118658825,31.010261537663922,7.7903736113716,0.47076733300183893
1,190.86723182518477,4.314440283121424,44.24175089101574,4.1252117766927805,1.4134294420733116
1,527.9245606634013,8.357009220076803,63.23437503935502,7.922570172623399,2.3663282274919486
1,585.2217682592808,7.8710083968912805,74.75211724089952,7.443702493274506,2.9283472289060026
0,0.0,3.3465425808527205,26.27884932087813,3.241549666441514,0.604443432384287
0,18.258477394688757,6.101119603217338,20.45396530669927,5.8549277007183544,0.5966454274470028
1,430.9992363491549,6.998513447206423,61.584397831681414,6.925795860129526,0.45612509740284035
1,241.6890744514808,6.066428339200073,39.87441551345121,5.718060357854278,1.6598791804811586
1,351.39272131442937,5.46471692915394,64.30304108003199,5.2178683286026315,2.096299380625167
0,0.0,5.6480405428377685,51.76629836276899,5.29269327924605,2.3556732460369907
0,2.3343249574329903,5.2216658390666435,28.706033331825637,4.778088962857597,1.7723832222028353
0,0.6237144621004374,3.9799384198954972,25.6976197400207,3.5359158131083337,2.1511129971100353
0,0.0,3.120069302704284,5.057664065373547,2.654988396994208,0.7981135398789968
0,14.724179980982466,4.41472450372219,56.212476123126,4.201267680690343,1.9483787435557023
1,309.1030076561323,6.322295908162338,48.917352740097115,5.9246678825164985,2.2100007867010962
0,0.0,4.307082660756448,78.16110001183186,4.104222760304527,2.6428310985662775
0,33.76299598429425,6.479334386617374,23.42858289751719,5.57571862589763,2.770546543428254
0,1.227266419849666,4.6621599999534435,37.929461849024285,4.20160639534085,2.762730257200067
1,181.5040813252026,6.078397992065613,29.860512700084804,5.862151847460312,0.7530314131556451
0,0.0,2.9214255706759267,33.50555479238325,2.621540518293114,2.542069616367639
1,381.3766913050353,6.794679253982318,56.13073082911943,6.61834659742091,1.0442021010809288
0,8.902116551084152,5.95965973635346,9.404170077410562,5.1271437229541705,1.125020694303939
0,9.417214925741483,5.986536998622145,26.610121595263003,5.54152217450889,1.4332797279024896
1,387.10590975449054,6.03337388605464,64.16078072684664,5.943210212951028,0.6954378334373301
0,0.0,3.660971552918809,32.727887075938625,3.332062045801373,2.1346117625883787
1,280.76836218287247,4.76866147666908,58.877813733800565,4.71665292146266,0.45540426969360204
1,337.99015439734046,7.784607218077757,43.433029893174464,7.1412290605966735,2.5977264307488452
0,18.373959892355515,7.48848664994607,11.026219462871646,6.847560176928473,0.6937055380932378
0,0.0,4.63121267543185,13.289439840644835,3.9602765604886003,1.739049035400806
0,0.0,2.3071154599984496,54.17985158702811,2.1941024195329866,1.9079330189925545
1,284.24207270786144,4.194469460523301,67.76591783356258,4.112656475175141,0.9589793423983051
0,26.443566734668487,6.567798807968594,36.56274327944237,6.078669525272198,1.9727370530353592
1,282.8066187844137,6.59785071060229,42.86344617194271,6.494644980173791,0.47081731736804083
1,220.99675534708018,4.103360555029084,53.85751300520763,3.9949717767427777,1.0288080630583258
0,0.0,3.893526006441731,55.44917672750887,3.74524752283325,1.522994400435996
0,17.979112208133305,7.140818681794184,33.74180506955278,6.734101020668545,1.3839410429477406
0,0.0,2.988725497386148,66.59342143997078,2.9089050182233276,1.2806689716559285
1,144.59418986188803,4.429888341850541,32.4474949703379,3.9244152563976935,2.7945871480228237
0,143.4418506545908,9.6830041210593,24.01774738831697,8.538723658604152,2.154126082257013
1,259.76163171587234,7.002963624829401,37.09311264609929,6.727244133476315,1.0511446785292557
1,350.09905631637326,7.474163491452682,46.84125307509996,7.2860894290129785,0.8472195011015633
1,428.41718895398134,6.784206827649169,63.14919338955946,6.712628763354974,0.48025211215600894
1,387.20863269677903,6.432601785432507,60.2080628093415,6.12909262303311,2.051884339923484
1,285.257278216988,8.648914325346615,32.98186942528591,8.329376253835234,0.8896162128816069
0,1.112171648704956,3.7116230062906186,58.25223584317678,3.553072628612307,1.795699794439606
1,539.4757055413805,7.6578381723506626,70.44751970460904,7.588496349104292,0.4591838837564791
1,391.0028143356408,6.043960340285663,64.69314693040499,5.982582196645837,0.47142701875007875
1,410.7471858577968,6.4007749032552095,64.17147970463645,6.201583398823248,1.4308889589985507
0,71.64411160577885,7.554588504140371,20.053429117296325,6.667934525722798,1.7938004602201434
0,10.868738270585604,5.966401402849722,24.229316242589842,5.129286309776012,2.9412850219620115
0,0.0,5.706196466030897,42.885927593646954,5.230477710092436,2.589198732304974
0,21.016092119142304,6.19483548999441,27.28645576657077,5.593120756721999,1.939184021872308
1,665.7746557796638,10.350384327168925,64.43735668909196,9.747629334392698,2.7034276501330163
0,0.0,2.0089997451491626,47.45173602109767,1.9253971926666713,1.4249866234046848
0,0.0,2.7565057670593385,72.18186577141377,2.6098185472181115,2.781300446045424
1,179.27493517377485,6.015118311487459,29.803647884605653,5.663752348907487,1.2572774435811178
1,295.3876994195264,5.342366659013105,55.4435222234398,4.960946629743905,2.8579501799524025
0,19.411370841659817,6.954234037195349,13.670697887726519,6.418263944092866,0.7688475540275563
1,428.7419193685182,6.697388872139593,64.03502814412829,6.324699805895526,2.5659458938977147
1,415.2583428415277,6.920719585065795,60.068519025455785,6.6342330879921505,1.7998141493746944
1,340.4554436763606,8.23572719405703,41.34688235327138,7.833821290826097,1.454489723142688
1,499.45230710884823,9.148083222823685,54.596431094119055,8.801100151143292,1.4926143615107894
1,494.46528466501104,8.02730190760669,61.598270525951804,7.783579124622596,1.348526868969088
1,324.1558511751638,8.06419995231017,40.19690150243042,7.913528412156048,0.5407164783824283
0,26.473923371403473,7.411997829785711,19.11601788424407,6.555137696479385,1.6621933589338234
1,233.46618732016503,6.5577987350604365,35.60130485241926,6.413922828667346,0.563931587124223
1,515.8400325243573,6.901036885165943,74.74820192377895,6.745372574760849,1.215637305288452
0,21.237914912138567,7.090249988578561,22.971577071398805,6.074173402786012,2.943745124843434
1,495.8269668287961,6.846973510691754,72.44911164026097,6.512150713466122,2.5553806128890177
0,43.978520117432225,7.582627759592404,30.574192247529613,7.152717799500739,1.2583856265588358
0,0.0,2.752060572810959,69.57430608777086,2.6171053314732227,2.4690530437156553
1,340.98282429680535,7.877241916152591,43.28708136190751,7.572485297896681,1.2203571879024455
1,426.49110521677306,5.666617717414018,75.26378635111327,5.6000383250994465,0.6427663439652787
1,194.98020049651888,6.530941771122084,29.85484106878203,6.31004249380348,0.7300832933700641
1,455.10989637053865,5.943740447142631,76.56993511863556,5.860844321505286,0.7597749029840796
1,540.2600853027451,8.4959515945856,63.594403683576495,7.97911882439154,2.789806172510923
1,481.89585580971715,7.092629642050857,67.94318611477195,6.975514662504541,0.806919093802411
1,597.9792784306621,9.3678466197538,63.852267098052735,8.950458007284487,2.052964878447693
0,6.139580023786961,5.631608723649479,13.737982211155575,5.058005011539036,1.0282739997828965
1,575.9888617994407,8.697257289699303,66.22702617670174,8.504799559431609,1.066460381715832
0,26.844758469560116,7.151620004062159,21.505353893132288,6.598210167034946,1.2059196862910349
0,0.0,3.1496501312579084,20.974637171476875,2.722817043695455,2.361880484825908
0,0.0,3.573656267876,50.582793422031514,3.333916811206586,2.4446113474287086
1,578.0457728621464,7.833399183331865,73.79245705901734,7.7436979984271055,0.606922061870494
1,286.9559149294945,5.115996988110777,56.08995206767587,5.0075519087852625,0.8541994936183597
1,362.30885194461234,5.427088760340098,66.76026612468283,5.203585143048385,1.9866815554586994
0,1.435658181637581,5.861862291740982,17.90563435050798,5.147674246741175,1.6872032898352463
0,24.41693955508892,7.400012973816105,29.894158376134982,7.095719447209899,0.8847755533859968
0,1.257697859974785,5.109590206408389,26.86993806491985,4.755052956337698,1.352849291348087
1,339.99118922226603,7.187492950251832,47.3892928492547,6.79309612353204,1.872541622237911
1,551.4593735424205,8.664545964141515,63.65260196734286,8.20621274388532,2.429842771064333
0,0.0,0.6226221862855226,59.964072547788945,0.6107883097735841,0.8270385844096886
1,222.60051807747408,6.394884399338809,34.68929149175082,5.680155470034872,2.9075754496730775
1,145.21494573762985,7.809723572578689,18.593766224983483,7.340435550378106,0.8042362592597159
1,292.13042076910807,8.089005882556826,36.12063479973422,7.748677028197303,1.103058849286423
1,263.4608982304337,5.107583023024348,51.59659960880175,4.776582904615736,2.412498348705196
1,396.8907613379848,5.740891245217618,69.13399755985203,5.686904094320374,0.46327975819582445
1,518.8775920688275,6.990631008305845,74.22520613436131,6.831767255682694,1.208227640279253
0,16.802300144678316,5.288814758773837,35.754022535180155,5.007397010230488,1.357575490218097
0,0.0,5.677189117405617,13.999447139080347,4.848500265527821,2.7271029515184733
0,4.920601046741465,5.9441314090033215,35.79823701355662,5.332035026056723,2.723307834310433
0,67.30549514596098,6.6612699758783265,15.617059994803887,5.762606101063387,1.7150043833383397
0,22.304091835265886,6.45327825496281,19.584293722911507,5.938460656957246,1.1266375322326478
0,25.440368766522337,6.260479972366457,29.091407247902694,5.574041097134475,2.3815186254614833
1,331.88522918483847,6.410168584726472,51.7748051215086,6.324132863205316,0.509975134956924
0,12.130997232770698,5.380965519336435,18.134484457689577,4.7876974896482345,1.4910249080407199
0,0.0,3.0793263579858876,25.717190824671103,2.785860822952424,1.7831608414651625
0,0.0,3.218608969267519,6.329777120830975,3.0020951326794085,2.9787319524503424
1,303.7807071923761,7.500862248211624,40.548003852013075,6.853701546150105,2.5413131191813703
0,0.0,1.0137803251308861,66.63968066962408,0.956278649026081,2.739703468850038
1,226.31291120157874,7.214861217100438,31.082009204102427,6.320594260674136,2.990681458025597
1,450.2266757830423,6.133012829890345,73.41176203229037,5.999330071436257,1.1410657542888638
1,232.62323427877723,4.4115563578178945,52.73042332702863,4.335291602683902,0.6681493498084463
0,12.279162282340746,5.434896581980629,44.92863385193591,5.141999916271606,1.755974320528555
0,49.110549798087206,7.77831892632652,20.270609964890856,7.207242428249263,1.0821945525132575
0,1.6941917035048972,4.806594970819144,21.529196028627997,4.6394858903970855,0.5496888443420775
0,14.496874321398547,5.756556412599598,24.120688303963945,5.143415160488549,1.8991984582487969
1,508.0890323805329,7.573680333847368,67.09967576392856,7.1064528271490035,2.9870647778436354
1,297.42073581173264,7.470383786857547,39.87457186964456,6.901213704088223,2.205290137975285
0,0.0,3.390014325878922,10.738816811648498,2.8888002435370015,1.8891249418742855
1,415.71558457712194,7.925164952902383,52.45636842247736,7.48030442435689,2.126387501612965
0,0.0,4.6939553910680845,35.92863436871214,4.59498538919291,0.5390591535619534
1,607.7772090551077,8.359656783301528,72.7085921443847,8.117261414900717,1.5237195197853302
1,390.69784195521345,6.4763177033396575,60.327277650768316,6.299064290547979,1.183300895130299
1,440.80098093646427,5.523604930109112,79.80506290701766,5.349182801924821,1.8195513936965613
1,196.16267780908998,6.297143415836001,31.312841811948495,5.603095070810923,2.569806166260301
0,0.0,3.048703160809385,30.909015657070235,2.874751866733966,1.259232259648817
0,70.9281446987375,6.9686874327017945,28.15070081334293,6.0895713015235335,2.788645769201516
0,0.0,4.170346241400049,18.6353533426729,3.5763716074136047,2.3618072985896794
0,9.788014536941768,6.025816451226703,32.58837733281106,5.371651957863592,2.6525993357636537
0,20.07733557192812,6.443759824428162,27.373705820637504,6.155049258704091,0.8925099966714958
0,0.0,5.444728085086247,58.36725976388624,5.142151428033958,2.345609686633158
0,9.44774239556141,6.490985134135806,6.803212974914951,5.6275077494487205,1.6385611180107564
0,32.08712688393713,5.2767261406856,29.845909308686494,4.809919315436689,1.9199116657419535
0,17.19974483807827,6.095245209205861,13.470979149987729,5.212190019401052,2.6653867206809356
0,0.0,2.7730373432012243,8.731820733760252,2.453887543518206,0.7726567355231821
1,606.1436845187728,9.599778264395015,63.14257664304055,9.420136875638283,0.8497398278820836
1,345.3307651274441,7.220898399917675,47.823795710604365,7.084621811444022,0.6593105367854186
1,339.13787026610527,4.554757247269348,74.45804778228222,4.430985661361552,1.4622462579416697
0,0.0,5.179215029656173,37.14282993412387,4.718712709486713,2.417398113633286
1,170.30107198730298,6.8576049126209195,24.81232077148833,6.176595796058224,1.8157135133735012
0,0.15570288429643908,6.166550067201681,33.379264736322625,5.470784540940565,2.8273955922146894
1,531.0233872527832,7.637445208143944,69.52892921399267,7.558078297741469,0.531380100920164
0,0.0,3.7054303781545386,25.53002775719992,3.2681512740865095,2.31043977426493
1,297.6492605777129,3.751500935570758,79.34265122989788,3.6559495561125788,1.4552116180593653
1,322.79619614888225,6.229749230593629,51.815727424117846,5.852884044157277,2.2668499846713104
1,508.8800922473755,7.342562801238987,69.30643439082773,7.138157095816505,1.3939497892542063
1,454.1765602955695,6.1807350961036525,73.48261221903579,6.128937957575548,0.4380900721242405
0,0.0,2.963051720831735,27.20970189872765,2.7556264171967872,1.3789317003186539
1,498.394216790475,8.753249909348897,57.03027464302876,8.21363734505081,2.530821418417784
1,371.16339154996376,6.532579196054237,56.818429939200584,6.182356500343429,2.203459957555406
1,294.2542651174993,6.319274087518781,46.56456752749287,6.11776302004748,1.076012198904625
0,12.65027295192194,6.453420212793799,16.667435211230355,5.541375827943188,2.0580255528008586
1,317.9956716269889,4.437152892113623,71.66877342742335,4.322690895712446,1.3229217299960099
0,18.515725303875126,4.429779634609905,15.524994225397025,3.7651037359724207,2.5849091845513668
1,353.7514815651262,5.2884716805180725,66.90062226784084,5.0695469627803,1.9979662604439712
0,20.534154416698648,7.07153362366694,25.44463664616335,6.875384002102994,0.5072988464122321
1,238.2247316404982,5.340763407102034,44.60512121249302,5.177263515025687,0.9867312259908065
1,256.96776173285326,6.909060013632127,37.19288255691569,6.644355644129106,1.025553121614209
0,23.089068551497004,7.301256308973618,43.28039457320205,6.820586484178255,2.0507292850232663
1,475.5054579706604,6.457172854511635,73.6398851961795,6.36105033160012,0.7872021889254068
0,20.284829998172096,7.557751079095944,13.676589191901758,6.646462413096775,1.278982982270651
1,500.8201423850377,7.833613007852883,63.937813468595635,7.362266907371167,2.7721045388744043
0,0.0,5.730118170941408,42.468635650650256,5.40059775002393,1.7519980482963002
1,187.623466259442,5.177080062921241,36.208348578705625,4.7135710230207275,2.363293843894648
1,351.04478279935296,5.57516435754038,62.96770589656171,5.3342880082658555,1.951808777544429
1,313.52806443577583,8.118252834980629,38.65276459298066,7.3463408603441875,2.6901851019046257
0,0.0,4.943720908019571,78.04519310335985,4.753424605246696,2.165456914276412
1,388.8992398445262,6.370079049471781,61.05093019675745,6.249010121988242,0.8373644456150647
1,337.06087945723766,5.69081152216567,59.228965976448976,5.5435611546495425,1.1154008708158427
1,619.6374049976469,8.534761189667009,72.61219355808016,8.187479640025805,2.1353534574113806
1,424.10454993048114,7.01745886343399,60.435823920383655,6.716647833637659,1.8640880932800203
1,183.84874754047516,5.363280760605474,34.23190273739796,4.857106158995247,2.3565364384006275
0,0.0,2.9888770533141846,7.657118449445756,2.555916304342217,1.5215882824328526
0,0.0,4.067129124767711,5.213680649916791,3.4806869753068623,1.040580041742182
0,0.8674200020330658,4.552919439292317,7.586918623297259,3.922649313102617,1.710197433281646
0,0.0,3.378143690404515,64.33064278510699,3.2936350824365217,1.1542593689678549
0,61.938260045893394,5.411090305692492,30.998041633868706,5.075492075636945,1.3867838911293897
1,296.50071046409136,4.060900622842697,73.1858168092516,3.8531522764616093,2.696308691466046
0,1.5577357626849346,3.569478184857471,40.52964022331612,3.285845466533549,2.3257836811680903
1,230.607357296752,6.892137212961537,33.45948436217914,6.729332481453888,0.5561448905205589
1,268.6656392572606,3.9778785425549277,67.54614077673995,3.8846658496473734,1.1404137470376376
0,0.0,4.6251992466021425,71.69913890380042,4.47472888609183,1.682322794602341
1,530.0494185464887,6.829681572100369,77.82309614074929,6.484748746537884,2.8428274869566468
0,0.3381320745115213,5.066202052255098,5.023221664554821,4.435084965078192,1.3217347141095641
1,407.1030325470792,9.74798141502496,41.842025034002646,9.053327537637175,2.1517628471113146
0,0.0,4.554064726168878,21.255397195702916,4.142683895777822,1.4007448181902298
1,226.4952141481025,7.894858203163595,28.489528820969277,6.977887083526981,2.526621615964701
1,259.22344284620846,7.547251225117283,34.343179121009754,7.016478347085151,1.7425481733476724
0,2.730118467746535,4.771121191403404,7.650171578041199,4.0896944924385235,0.9649789684024742
0,0.0,4.87066321477875,78.99202059971157,4.750736431205843,1.4002704613479255
1,299.51424338775223,4.012105373161157,74.65264355946873,3.961891863367854,0.6749497078115758
1,510.45572342437407,7.418400719681597,68.80994759861727,7.152880058237088,1.7798866916950988
1,345.6440418160509,7.3009882921152975,47.34240207228795,6.935692783571479,1.722474604345222
1,277.5557587238699,6.529832934393766,42.497020358697156,6.016798511698771,2.416146878396993
0,0.0,3.4624395477691214,70.90443047746984,3.333214648577712,1.9103844303858168
1,479.4883322598526,7.933163696996631,60.44166989335532,7.437175747538048,2.72449560766996
1,441.86062379762996,7.226341297258563,61.16359577392336,6.897536909728327,2.0119785895379625
0,17.326116812459716,5.515329212020498,5.802546748269891,4.921757350666784,1.8330817291013264
0,20.957055555474337,5.34310248264093,6.458176572322115,4.732011710956662,1.9068681780125267
1,369.2802651090327,6.085293127220883,60.68406286975147,5.943000003584547,1.0181258052755466
1,258.6564862934031,7.370577463432859,35.09311057705857,7.166645465177395,0.6981023796369215
0,25.730946976053374,9.067396535663418,15.203358324684562,8.17013532415079,1.1067204417772434
0,18.62338562561466,6.840345727818163,16.032230904711206,5.815369717673654,2.515871688104422
0,32.070830522518946,6.531678973910032,7.762295017923302,5.596413315117993,1.5920288401786475
1,349.2045900591828,5.447080391267431,64.10862065901702,5.29378137996933,1.2873617768255357
0,10.979180801280469,6.012366493877437,24.446752664422714,5.179719707007423,2.8588613791930153
1,337.8231208729316,5.14618261596343,65.67110274406215,4.915869993242015,2.127020188330573
1,310.8504376430421,5.6421242136565795,55.09457535349696,5.5435214440129625,0.6927042529697536
0,0.0,6.012198643683429,17.113580707796352,5.654880333396984,0.738240599391746
0,18.86301374699976,6.262487461656504,16.725356492122636,5.32925151226552,2.6212230737838853
0,0.0,5.44930934935759,61.08665185723016,5.1975761638602265,2.031235518099912
1,436.78886042888695,7.017581582628787,62.26136549033995,6.672073511595199,2.2149843356813657
1,211.8939551452981,5.199997788696962,40.74712303434271,4.849893161611034,1.9799085376648509
1,305.9015413080358,6.306471668275256,48.50868673228734,6.099178945081931,1.153119237103947
0,7.778934990252694,5.513058061565017,18.690453236881666,4.687461948118056,2.9812353073162017
0,10.352650220916,5.281688719395065,21.411931850156435,5.134822914634329,0.43354001040267476
0,21.16684245966662,7.303961010179817,9.897104781694138,6.224991480221013,1.836838726044097
1,464.98148621153325,6.8563050984941185,67.83967025935979,6.587886954015314,1.9289718703808578
1,338.63188188478176,5.656916915868756,59.86167652877015,5.374853049641234,2.1406962099972175
0,36.381184163629975,8.573309320910603,15.207903990953131,8.160061465122983,0.5314272520820256
0,10.595725089153513,4.875588615995,50.8260830199083,4.778639158439609,0.7380693728473042
1,314.1262838027612,8.451133858615018,37.13082804329717,7.678431554663381,2.4857490740512223
1,258.7808038111788,8.382123814057081,30.87129822182142,7.8321565086660065,1.468923934186158
1,374.35679831127334,9.184058900401956,40.761577581542234,8.79047664917306,1.2639204479408566
0,0.0,4.240397021990026,43.76029575427748,3.9364052740607822,2.2699730595339327
0,0.0,4.09723905455383,31.471018555576123,3.819995401756608,1.544267277273184
1,434.3950206596185,6.376788316381203,68.27642135957805,6.098021912698774,2.161758253463775
1,376.3203034973635,6.538557618846183,57.55441861538349,6.290997094118329,1.5733553365807178
1,381.69902285351986,5.22097661232039,73.10874022167059,5.174562651657767,0.4719884899577313
1,351.66894900903225,6.155310351449798,57.13389097233002,5.996912963257772,1.0550762498916217
0,0.0,1.3746399032815566,56.123105187909616,1.320755573180137,1.5779948233057057
0,6.395476366969447,5.237413528696114,33.7236696184162,5.05101290164115,0.8569713519375676
0,0.0,0.13281706225925496,18.97773396420709,0.12421180210323585,0.8804797030079197
1,569.4906427771307,7.165860432161909,79.60893052313952,6.870345683313199,2.354590304186022
1,287.510812335375,4.814044634156884,59.72724312110138,4.6615078434180095,1.357473893797601
0,0.0,3.593962054354882,35.94096044682974,3.2299182527645347,2.6806203719239727
0,3.2568916923238422,3.6413824451830075,47.46438393251019,3.4321706993696885,1.9721137497660823
0,29.835697410559103,7.927062181970055,20.16056065273689,7.233284271460892,1.2864306023432164
1,400.24494549773397,5.6369808900691085,71.00342423718469,5.573057664062718,0.5819284908842803
0,9.527776129487247,5.618918743023774,19.14935015936289,5.354706722228745,0.6492642014503729
0,0.7810302766963131,6.05539405678413,30.779048229021377,5.440836244813689,2.29628536708027
1,109.67295175982159,6.329848379908502,17.318387929982364,5.811906528479528,1.0329962154889463
1,318.27644844162404,8.692588055944457,36.61104946875835,8.053067340069914,1.950450592769271
0,2.655377527694014,4.847093619286727,10.162838850319083,4.1448316402104055,2.014212312013987
0,0.0,3.6235947183750743,10.457528963967523,3.1821858542196817,2.8637836996590624
0,0.0,3.7858147481611444,79.9823849666265,3.597538456615082,2.879907854269422
1,324.08637720141456,6.665768025052395,48.619614735552815,6.449993542186412,1.1250301419424558
0,0.0,3.429923435740971,25.46816109061722,2.9617214742584355,2.90272966357411
0,0.0,3.3708121709488426,53.47359504711652,3.1454988102037253,2.5722702522112995
0,7.600231225639361,4.498927462882038,43.50373849931182,4.125771876005635,2.618189748885148
0,0.0,2.4448775762468844,42.534602742829776,2.384632983358213,0.750801483204391
1,272.04186084245265,5.621187377493205,48.39580013498357,5.54996155236489,0.44078374852349533
0,19.070981442779505,7.602858971500125,16.353331923791714,6.716851972428242,1.4493334896260865
1,296.9725978871677,5.20677977021258,57.0358034868282,4.9798058108548755,1.7888360148700762
1,314.9619056187545,4.43729765524963,71.17774194689711,4.239788969952094,2.2780689103381637
0,32.70379179792086,7.211358281004265,21.08157916666819,6.707492171222972,1.0581767008892162
1,352.20265928967035,4.671115569531582,75.40598992246858,4.423128161081603,2.889895394775475
0,18.62569057208981,5.771020991431695,33.70801099194949,5.469047708769426,1.2749978027966113
1,249.48513902335426,8.199038767613457,30.42858185204573,7.869427146509616,0.8918803976979941
1,236.23316901416473,3.5854116354864107,65.88732223772573,3.540527559153287,0.6080588503537735
0,1.716781738299997,4.186861989183593,44.409302715774736,3.9002551689479357,2.19824214955824
1,197.0134697629947,5.202886679773428,37.86403990588565,4.857914166956794,1.8168684067415026
0,9.683422477285205,5.9409663958815315,29.479717240727226,5.450080192043574,1.7599659060951347
0,6.853790301107997,5.881188830085879,17.224202517772042,5.055228242276186,2.062983736799575
1,357.82071699643785,9.41710362558754,37.99689705274038,9.279210788984287,0.4002895036329278
0,32.866168089562464,4.489271318186765,41.5352926363133,4.182847634699961,2.0426490581868597
0,1.151748545187738,4.582787377463816,7.089483937037381,4.075157192304899,2.1805808846386814
1,329.93074599180954,5.815033854094321,56.802455791833296,5.393614723877409,2.9756169214677035
1,151.45823201430002,7.0841504774966655,21.03315862546902,6.160063300276541,2.1899362282178507
0,54.162006324365265,7.51028900940454,22.013706157017854,6.863449206437458,1.3818287839239611
0,18.345460277367007,6.280618108710344,35.42420041637883,6.1609619083065414,0.4778677393101236
1,250.18765959516298,9.596596329442157,25.559035204928044,8.301006994189605,2.845243359339118
1,234.23476029715889,7.23347028420449,32.38215800553376,6.838955827103729,1.268381570400979
1,270.3793044502836,6.783259654983632,39.863650560629054,6.41806419996272,1.552682989600351
1,383.3112332298913,6.236052977344909,61.46696229532677,6.131876523223109,0.7291726353513326
0,8.43892014295104,4.773619791882043,8.764991248939577,4.075988340840044,1.2084698430632344
1,308.2153835781963,5.791360343100183,53.232944559948585,5.383173877571691,2.704997590837356
0,12.437545128114289,5.97672121455824,20.846639966371193,5.8137691292853955,0.4089323850761263
1,314.72009012764113,5.122645315153145,61.43703852237679,5.053628465695947,0.6100421983874362
0,0.0,5.022836047781251,73.28039409163223,4.910714101747046,1.1904461118713177
1,200.96919402783539,4.468474116182846,45.100683122292764,4.105815825252072,2.652724798830775
1,309.91777936137385,7.325277949196269,42.30798923709017,7.19008465209684,0.565984609759135
0,17.751816384260056,6.1519502009355636,37.01019183813917,5.973439608442975,0.761097519545549
1,319.08227144013046,5.282245317383119,60.40748228211254,5.055343581922404,1.8742371152873774
1,293.67293866278237,6.8765470097321435,42.7064540264039,6.703884881078021,0.7757212888028038
0,14.827719667508402,6.562581989625557,10.481175251370377,5.664911440458852,2.3785391490289265
0,17.66944449871082,6.349032459901579,11.304386975493657,5.434808011003058,2.296146492395867
0,17.836174768096207,4.302192200615212,48.08967835088918,4.062954440235256,1.925957681582934
0,0.0,5.563458142315423,64.43264264721101,5.222920952128556,2.8563486522777786
0,0.0,3.3319561583626496,71.14278581386833,3.137502796590533,2.99334289742054
0,21.90526105998553,6.898495909525692,15.066026274104502,6.449428323566003,0.713045206934477
1,308.91864423969304,7.179058620057336,43.02530695573199,6.572919662640053,2.628907028643023
0,0.0,2.664558779846017,43.822621023860066,2.5223482712454994,1.694567202055484
1,371.0836436616643,6.822120214001822,54.411120890345956,6.570228767998788,1.4529183031226718
0,26.922353411048377,6.21137275247271,28.376411096766105,5.422311773705398,2.853095931592389
0,4.570215927831344,4.866145983014897,10.578238010017142,4.14899844141617,2.0148443641031646
0,0.0,5.2787378755916725,42.05026256232313,4.854124151434536,2.4505002664448647
1,271.98581968200074,7.785108692740822,34.76459142396354,6.912792045764151,2.9322988019426943
0,0.0,4.221944072497445,30.684926404739706,3.88444818407249,1.771889565032983
1,429.52605465079665,7.877971702738123,54.53395726943714,7.485675679321494,1.969984111522983
0,0.0,3.5820284260046513,14.002099237789816,3.0796481120398043,1.6877925774285916
1,419.40756338514757,5.588060087719173,75.05423291830327,5.530282666740458,0.561274512066676
1,455.4060652013503,5.944771831019385,76.60614707635747,5.883206962284767,0.5744542886707062
0,0.0,4.084062907616714,76.37346901945827,3.867470299101869,2.9295152041402477
0,20.452113606475685,6.922501270127973,26.35166129416321,6.042285330820233,2.6430103993506475
1,324.99917979267786,4.40729964854926,73.74131509954215,4.256231391077598,1.8203850938989583
1,320.37397082074983,5.908588256358103,54.22416475828378,5.704542068674558,1.3588786633521373
1,407.7441188777324,8.55590551378617,47.80424427260598,8.032918701088207,2.109969167653402
0,0.0,3.727343759436396,20.424892473337234,3.17504995662211,2.9131536773854005
1,368.8314816652011,6.963638685174562,52.96533871730528,6.873122858275408,0.5020483950728438
0,5.0671594317229385,3.5142663584742384,13.375266961506586,3.0225774980178146,2.905155950986281
0,18.165808294214127,5.9994497679730205,23.937806177006657,5.835321669284638,0.4682174576130151
1,263.9701154561984,3.72754266346266,70.81612185233047,3.6588633160725244,0.9294112461471614
1,386.13047757297767,5.770842751530307,66.91058761944694,5.694493659764742,0.642327575663754
1,375.2540238279967,5.420235289006215,69.23263661079974,5.175512611886379,2.265543156584593
0,0.0,5.077028665051514,28.33661433860751,4.775244591150429,1.2110481516849543
1,326.6018167976695,8.134423863805809,40.30818615878756,7.444819250418233,2.4833061704776944
1,422.24309202044213,5.725550117716773,73.747165484796,5.634437334932668,0.845507775536982
1,236.39601135949832,8.531382847005355,27.731695396032904,7.46186025035853,2.712833157661538
0,7.299935539367629,4.249465099750159,37.47415182976481,3.82344541173458,2.773509359573207
1,193.42231279288646,6.597237550565295,28.964121558529037,5.770815348627454,2.8445670191764547
1,446.34479631871454,7.641945807402213,58.45721194861324,7.185596422597285,2.5211353011167046
0,2.199374592495297,4.522012859583635,47.53553315377902,4.147473837566904,2.8507773778347825
0,0.0,4.648389040952913,27.405601607487554,4.462627826616646,0.7918120396292491
1,291.360641114357,5.581862781192891,52.18718960160792,5.150109917545118,2.9326367758358813
1,566.5365037964995,7.494599157699537,75.59480377274289,7.118180366592156,2.737203881295875
1,531.8493566715424,7.967998327805427,66.74996158794744,7.657907044692797,1.8738595575697894
0,25.03144009752482,5.7877997992477646,29.640395576396898,5.4362077017290185,1.2961963760187518
1,333.25563090291644,6.501476906391345,51.25845030477663,6.334242039502828,0.9539864821564459
0,2.074627987529925,6.50603798806079,13.76463656734169,5.527464624968914,2.2309272625483705
0,24.225206107217712,7.560967885884837,23.437049241643592,6.484797682556982,2.918378070339507
0,0.0,3.842429470041978,47.457434548907635,3.605564361796036,2.1135167718973342
1,291.95191572147115,5.626479628391449,51.889355606709074,5.454095108537879,1.1432140379074163
0,0.0,4.626200724852329,43.92526121404572,4.51209355228421,0.7902034211554638
0,5.219232333131328,4.6451737356847485,21.879620450371092,4.117851660567914,1.8836478330463327
0,0.0,2.8527788959408187,65.29383081239945,2.6994319453743247,2.5300161923985383
1,144.68270012107425,7.60729098934852,18.998130501397014,6.894914142557643,1.2993973405136785
1,294.5966635175641,7.035757979983798,41.8722959368081,6.841637059450286,0.840967005970269
1,111.34124467368821,4.664201065479808,23.51821727944541,4.064651953561393,2.4076881843647966
1,471.41590682995627,8.65242086945304,54.49427447493164,8.329327801991935,1.4659758894415083
1,346.254807703954,4.437350057716776,78.0526359655214,4.312251508708561,1.5882229916936175
0,9.688384332893708,5.00040609825556,16.696774416564,4.264832976659665,2.3246908598820304
1,423.0495898406374,5.968222021524753,70.89113604458358,5.617922177053063,2.9993411214542163
0,18.86614088746766,7.501658948739071,19.551705381035156,6.762390950535883,1.415863613565814
1,146.3400735115835,4.261378156280355,34.450117612945704,3.8475987891443304,2.453006802660636
1,298.02868270254726,5.7314032144728415,51.9992524605441,5.665065497167143,0.4337301194347027
1,482.0523680355037,6.212885509882415,77.66491949623733,5.890642657434732,2.8945686459001374
0,19.629466889819778,6.283725773496467,41.047996173050954,5.695441297851358,2.8073619979906668
1,243.25136562632042,7.114456000985819,34.19116891357608,6.673341953353903,1.5270534182314988
0,2.938200354674874,4.488169393342268,15.889120629369184,3.829093136488249,2.185784395172361
1,281.4002712108212,4.224983990306592,66.60386758541537,4.1167956563729895,1.2316109745322152
0,0.0,2.597188273856937,49.56604143682974,2.451446007350974,2.011818854564282
0,0.8550879904644946,4.231466091684178,6.453034275930511,3.919114476921838,2.823634326469549
1,355.5937386963388,7.255224470233615,49.01209330767536,7.097997684605872,0.7703151652613711
0,36.42961070063899,7.55568175617988,20.11615227892597,7.334459387885192,0.43037851840611996
0,1.7250331036607771,4.70500732129432,20.49286293533069,4.297242248448471,1.2885127600253279
1,196.7647482823812,7.160166852916281,27.47867967311413,6.655991538762555,1.3910053768513113
0,18.225070839004456,7.118749256194143,12.423915078144177,6.06296455127347,1.862272596787803
1,734.3616661352771,9.344539091862154,78.58780727725774,9.12030096878012,1.3561872232578496
0,26.757839362329904,6.8171875750477575,18.597026104148235,5.79951054868227,2.8446311523601886
1,241.48675658673497,3.882740596733076,62.195062774713016,3.7487332959976594,1.5467653163157111
0,0.0,3.2499789766562452,6.4826277047389596,2.8783653478346194,1.929950259820671
1,296.2306564733954,9.636012837688002,30.659221330593624,8.48976471710598,2.7941525802941345
1,525.3568492904801,6.641720195724675,79.09954016022903,6.495066757805133,1.259693160961453
0,14.800549398331777,6.770531777205576,24.114035730127114,5.931257430416036,2.3324690055487793
1,319.7202454715991,5.318411050896485,60.118174339717584,5.067848084343428,2.049062081804571
0,0.0,4.7767182455430355,39.812390251842515,4.574168989914147,1.2218854263563803
1,211.39623571131645,6.344734560618132,33.327803955601674,5.924956953297402,1.6006329441971312
1,494.85779187861635,7.3417592876333995,67.40316223304885,7.27122413852348,0.46824567163956915
1,243.10487193680027,6.1636208363211935,39.400896404280076,5.569148189108042,2.7849783508267025
1,399.06770299031035,5.9982631936766,66.53346334201987,5.685381234495345,2.4982722203469185
1,275.2221542671692,6.3296068442241085,43.5449332910836,5.881101993970693,2.2274972865465728
0,10.005641826107894,5.792411318272235,17.85304381644949,4.927897192360353,2.7460043093669015
1,566.9669274136955,7.093386459241027,79.92894940545185,7.037197026289597,0.4492433589815861
1,590.5398930882313,7.425400981140373,79.53610046777767,7.285439052601964,1.0765809998009255
1,317.4664980032675,4.038071249054219,78.61842007183338,3.962318701690356,1.0702842940222812
0,38.251252153939106,5.960802087680196,14.076880144788767,5.07749898014815,2.4993795680586253
1,457.16471523131383,6.312159368967337,72.4269598870875,6.1770072924938475,1.127929354025053
1,325.38117711901543,6.829415943749057,47.684840396373815,6.378731580949196,2.2669221382371934
1,325.4827896950111,10.432842005439989,31.19180004066608,9.58364064548832,1.8531762719107605
1,466.40992372725435,7.739916388616633,60.26389306063262,7.331874328199701,2.2802572727842296
0,11.458394376693512,5.449305335540196,21.178379056312355,4.6808778022757185,2.605012097576464
1,355.52505123259516,6.780453934697286,52.433138242612415,6.369307536312972,2.304756114354731
0,2.3053892166482184,3.465435509457602,49.15666205307947,3.1800186614059314,2.9375740006835662
1,638.2633177429835,8.798591217890678,72.54154031178317,8.536813026890007,1.5540197197174472
1,361.47413800595154,8.518140315110955,42.55686253710041,7.826351481368629,2.5067915900119906
0,0.0,4.35497711251497,62.74612444756002,4.13383422714115,2.297195691084982
1,361.24183203519857,6.571746290658775,54.968926269998406,6.384675786468531,1.135172733789092
1,202.16399693621884,3.6842457917867155,54.87455251208592,3.5070261492357617,1.9121028939495828
0,5.544838285924521,5.423275348602753,9.199162546737973,4.807053839345854,2.744060181900064
1,324.27889354201886,5.935465564535326,54.63421948240645,5.636748949795839,1.9783839233404734
0,5.359413267151064,4.7807680171985885,9.198078983805463,4.135113988881115,2.16204343149597
0,0.12140253191248797,4.785784289026528,55.6533754364069,4.486434707528674,2.5133011202325366
0,5.479955058117037,6.655349671949756,17.539797148214696,5.830114330602645,1.7099500523792468
1,340.96385138238776,5.314326503866891,64.16220984139936,5.009794305899887,2.6566224993657355
0,0.0,3.318281822274936,8.742692612491476,2.852985765937716,1.047377508422241
0,0.0,4.547038736776168,40.297290533406276,4.280994408646129,1.7003105356374388
0,0.0,4.264774190088978,21.638431777745833,4.034299324017996,0.8399161503924517
1,358.03058405416914,7.243224597890255,49.43013265763295,6.977358722358229,1.3021326552087906
1,506.80935809961034,6.688866250619247,75.79067928502818,6.380470594778151,2.5176494455357186
1,363.8495791649268,9.193026482681207,39.6319424639898,8.407197012141168,2.4546901336141347
0,0.0,2.115145377107554,38.22602320991048,1.9731619624707497,1.8451166852402747
0,0.0,5.475750144138701,42.11352409313443,5.080468829428664,2.2010837371831595
1,821.7312207722903,10.505121036854122,78.24944562563263,10.167614336136369,1.8132842389668085
1,224.11166670073507,3.5009773349402873,64.01560791718946,3.329200607248228,2.2708636466518652
1,599.8718313523746,8.004468985558214,74.9423727837596,7.716337247139077,1.943394727084486
0,19.472749982835005,6.010571951414469,18.19577740840866,5.144014350522567,2.3548878928613663
1,478.245423412563,7.767374442774508,61.5710529904277,7.683732063055829,0.4857136672337916
1,356.6963564723886,6.130447850667126,58.18438802992621,5.98144151624992,1.0147758908605713
1,199.8761056428048,5.43338550482502,36.78639599721264,5.13145960712441,1.470388285595218
1,264.3357156605495,6.39007266722394,41.431496416192935,5.769758291713123,2.9431740413515026
0,0.0,3.6576979092090514,16.431768480267177,3.13171515727739,2.0974574649014746
1,516.1733378407341,8.016323891106163,64.39725320358683,7.724100098448649,1.692452213863592
1,511.78127178653693,6.565548655426437,77.94957263644464,6.420796804370812,1.2395657528670814
0,22.87873104930056,8.455417531019005,28.286295482548347,8.211132837451293,0.584889456535574
1,397.9856838499756,8.520047947762592,46.7179120916676,8.04812322936075,1.8726260089960904
0,0.14424613344816004,5.019272915321933,14.491274533350136,4.281200008347004,2.7540944296067353
0,2.866178175186528,5.316551740212742,10.583043919175186,4.608340315490455,2.559104394695534
0,19.387639826635617,5.937361740958715,27.931659780607397,5.525809178659257,1.4082814916138306
1,447.76676532289895,6.526022084573393,68.6551096293967,6.1816045181059485,2.615534900168314
1,288.8682458573944,7.031801710371123,41.08134915032785,6.7448845656119225,1.219528060541427
0,41.44322134031262,7.794292216276357,23.66418147050851,7.368237702932766,0.9377850406242138
1,154.84670590555933,6.046361253568415,25.598885035894046,5.534414183648591,1.5730427281011798
0,30.84614778009903,7.538873762167023,19.571224536606294,6.675809493638302,1.6826523040794896
0,9.83309422573199,4.640302964911641,38.41829021729297,4.250620267739662,2.3469195818151336
1,431.96554914768603,8.283118478840786,52.25578266693445,7.663302918736311,2.82922157637318
0,1.5178787384687062,5.72082103729882,9.068628064842478,4.870573347048487,1.390920712147289
0,0.0,3.951118122167287,13.228315660634603,3.3579514159717676,2.133004209557839
0,0.0,6.363875993492781,74.6829162657078,6.045059850422931,2.69343333685645
1,193.51340181990062,4.967196636613825,38.95827327945384,4.885290953860203,0.46634975362802467
0,0.0,5.695170150909701,16.248356697531875,4.847874603164018,2.8845562254432524
0,0.0,2.978216012158926,61.29808171922728,2.8563060754266645,1.809371513352613
1,316.9256617483489,4.4439205964063815,71.33083323404487,4.1894415026693395,2.9409182317238107
0,26.641841164565147,8.489987411575068,20.39228598523625,7.421086077558558,2.0324549882208345
1,181.435819322425,4.592728353791241,39.46512295019639,4.170929088134195,2.6490402179460633
1,537.7556138602773,8.045455145661778,66.83967583501303,7.943826531360462,0.6053882378202614
0,17.223600939131387,6.2907894241949105,22.4032788329341,5.99672651868327,0.7564376825521115
1,345.0044422018307,5.678686019735426,60.754565264891866,5.46764912712336,1.6301997626500029
0,0.0,3.8931032543379387,8.607268926396898,3.353663311267143,1.9598170168387639
1,323.9732967294537,4.903396329944135,66.07120457180253,4.784139083124872,1.1664471220740906
1,269.113536863867,6.8843411959638825,39.09053028630257,6.51559327574708,1.5235410462905548
0,0.0,6.007607281263568,49.662764782573326,5.565280871206051,2.631483487171339
0,0.0,3.2098271967473546,23.643288855500497,2.966695334196112,1.2931998141485752
0,0.0,4.916073909517503,74.6345833405607,4.7920298457410535,1.353156754152867
1,315.6182626768833,5.7976592584295235,54.443637001497635,5.455418981465579,2.316860213219985
1,470.06914218668106,6.693853779453399,70.24410835397688,6.485192631778929,1.5775262178485803
0,0.0,2.9893563021209597,79.77248303106525,2.8745768135025833,2.2169390322456697
0,29.064634857673557,6.510567971954312,18.6603126028158,5.641535820484667,2.035634737940676
0,5.075446166382576,5.5955814123440035,31.11700291086106,5.007919601343087,2.428344920156973
1,477.9210288793077,7.330287396512491,65.20839020618632,7.021517986720767,1.9841161747464584
1,286.5551074324681,7.414504274588193,38.64791176214841,7.165557281286364,0.9353108906300942
1,312.4476340629768,4.545961792717988,68.73081291311954,4.436281102743604,1.189619423596867
1,516.2780276643944,7.076817997969744,72.96013982506616,6.842370128398362,1.746988287168063
1,410.4903139471141,6.830713686838719,60.40894777970187,6.439765263379106,2.497342174097544
0,0.0,3.8306837267433616,72.51244061815677,3.665334045596767,2.2619034148496233
0,0.0,0.4388518033681874,63.652087445827874,0.4204694871151871,1.9239351177620012
1,333.94631185850545,5.663441303037393,58.99594120862762,5.401097927297165,1.9700300821637193
1,319.5097541031023,7.0454413735305925,45.349856336152094,6.915523833599484,0.603176256963933
0,8.145872372453187,5.719798720840707,8.289671145693434,4.8755415313315,1.1603699407528731
1,190.68160009634002,6.155453747089762,30.977667687911197,5.855305716465279,1.098641491684171
1,246.62216231502538,7.184630232098503,34.32635429892177,6.9199532624971445,0.9042990214004055
1,116.73241585867859,5.573091357756642,20.497892068671703,4.81894515833109,2.2868087099995558
1,368.5455085631432,6.908872076076728,53.343802650417416,6.802862231462206,0.6056596859249314
1,428.2320967694336,6.149755377739632,69.64337871093844,5.785847203639572,2.9714187867490884
1,190.34976427636283,5.983618171749063,31.529407180386368,5.260874818224497,2.942775181209129
1,194.5399757627295,4.126331003121532,47.18825298576142,3.861866021001312,2.1792216159800075
0,0.0,2.43627588317418,63.1894345336707,2.3239408449799277,2.0983148697179677
1,592.7883030323587,9.133496829373325,64.90266698984163,9.00051602390161,0.6825967315871027
0,0.0,2.9904561731661583,78.65087190241212,2.8638823313038717,2.401634156417747
1,339.47429797248407,5.762128028569651,59.091564090897634,5.446263768092059,2.3341795928157967
1,312.7815142507724,5.83760773467089,53.580503105130184,5.671990041228852,1.1069094501139816
0,2.838051776779884,5.794964265015969,10.404550488669262,5.113270562941181,0.9346247427543829
0,41.093435049703615,6.951947258241794,28.05908749815905,6.1483777792715655,2.4427546566359655
1,270.8200767297941,5.2802195930371525,51.290424952380455,4.973967970897767,2.1432949583056025
1,386.78377198192646,7.381860310305184,52.54295324565502,6.966063448144712,2.132964472788333
0,11.562817027274352,5.832468863396867,16.745036530978886,5.18503131221051,1.3917726350688628
1,571.4685197298518,7.992038980088286,71.504722315478,7.782854435202726,1.3516787762928935
0,4.281596712629696,4.694122757996139,36.435363003127364,4.453632602200518,1.341818845171237
1,526.7707992404717,6.790178658408622,77.57944481840397,6.545645968427897,2.008455028103653
1,161.68926027094824,6.052653756617845,26.760651146508078,5.46949851275448,1.8926096578807208
1,550.6835511761003,7.48770489743461,73.54667867528747,7.270682575097008,1.5365470784835265
0,2.585904955756373,4.0313629648612865,18.498097018299326,3.5123889636764045,1.8907412975489928
0,1.0238379221712708,5.410413018950098,13.776379670693766,4.753054523118391,1.2816850531978128
0,8.96738062944749,5.662790264556378,8.077523615949076,5.107102256535582,0.5745950662042476
1,266.2140078436969,7.361949615006959,36.156284239582384,6.832846035136925,1.879632402300376
0,0.0,3.9792497756878005,31.524344709201472,3.5059080484493093,2.878764062886311
0,0.0,1.4379478634119416,5.100288198282843,1.311213518594693,1.9406297156989334
1,371.12301483326445,6.748645081134576,54.992225901947045,6.638617654157568,0.6440814211077066
0,25.485468795299102,8.20924704913654,10.601261211835649,7.017578653181337,1.4064669624386488
1,438.5802020680556,5.616739009857097,78.11843865567243,5.471287689539911,1.4655508174761245
1,419.8038263054144,7.507900769760155,55.91494270958751,7.281517197389236,1.2212462134033644
0,40.535689792092214,6.532131822201002,34.408873885460174,5.8206683222389435,2.800785968349897
0,1.1491387881395156,4.693683878070622,10.06991553509502,4.159202747797899,2.983785885299921
0,0.0,0.6532001121495316,13.471902210030233,0.563302175389739,1.5693548629718257
1,223.1064665108111,7.894150542579848,28.23966127124917,7.197989624549289,1.808434616117884
0,0.0,4.734380203138365,31.05305190724675,4.332690136740646,1.9137499374928257
0,17.66392320266308,4.264548782617942,26.496506492782824,4.115938242748721,0.6648435966754335
0,6.981843307858299,6.087019183441841,19.14818340617694,5.220542289841876,2.3919676595667814
0,0.2656503394933194,5.054654880385814,16.892673834522647,4.364419938307951,1.9451223111295581
0,0.4330463997893427,4.5919479849038485,12.12605295458847,3.973206304299896,2.8786161260260155
1,333.0276316144517,5.0142973395151476,66.43521450905178,4.718446617100957,2.8394610345010496
1,347.09704436177316,5.754372110978773,60.31940066528877,5.465938344701894,2.1711143379937097
0,1.2313092833934463,4.927811538425915,47.70686734218479,4.772574255180747,1.086426990661179
0,1.012722759489026,4.353750309833502,40.234779604571116,4.2617539590459135,0.6079878730167584
0,0.0,4.550000685295065,62.627556830794035,4.416626488401151,1.3166381202888982
0,1.4774696326873773,5.014163028631373,24.39204968417837,4.3911506695016325,2.3580537398067793
1,328.6749022571338,7.791245621236295,42.18515475385284,7.626220744455435,0.6393729827939042
1,395.9339398091705,9.089783443643961,43.51852472294917,8.256021963422837,2.9017439776859155
0,0.0,3.7853153118908778,74.02854618167781,3.6945360713181548,1.2732888817024828
1,302.65714426490734,6.2962375408930225,48.136202821989166,5.923886464676435,2.049584697579699
1,216.70675526864778,3.8710705288143643,55.98129322776977,3.6792057769289084,2.011714760806547
0,0.11101827530945377,3.2235771092507783,8.888891576455924,2.856989950854824,2.6554023351164857
0,0.0,4.32550810455207,60.565882101586745,4.1177933369065425,2.086896777088101
1,260.93285576241743,4.285463937975617,60.88800822530015,4.12264095454928,1.6647842143704867
1,314.8306664870796,4.29333793609119,73.33004556676325,4.254302022134112,0.4915786083991328
0,16.905245020257272,6.285057130734143,20.711579192913906,5.499332033774675,2.0285346325773035
1,387.2680084110863,6.365142433100424,60.842006881727286,6.208696304437768,1.0930756461209827
1,319.3253441162426,4.731502615420332,67.4892053830117,4.683784002224703,0.48715389650527874
0,62.843616179219524,9.31028590105922,16.274510705164182,8.724720495394086,0.7306499450656186
1,295.5019817456794,5.540047165299257,53.34587840774144,5.272309028355138,1.8583666535526682
0,0.0,2.5141461973049757,67.63073295914072,2.4587782810618766,1.067746369086666
0,27.979242061638637,6.806236467646916,38.50699883724581,6.186429760339156,2.5588031003741754
0,44.44792346245648,7.819677465103232,17.51477109455702,7.524126399250629,0.46571841450389223
0,14.58149046972801,5.640761202588397,17.63003917173767,5.332091660775215,0.7056242589275983
1,652.5600004947726,9.100910463457588,71.70271624087277,9.026229892662766,0.42528693074829244
1,528.7105030169666,7.027443075467945,75.23524413180215,6.85803375490029,1.3032480028453024
1,160.97128170367438,5.869614063787784,27.424314533286157,5.547770998709,1.0926635413823012
0,1.2375723848947167,4.577074703970373,30.831173250395498,4.222434366502624,1.7384644729742362
0,3.0979121046729414,5.345970479744637,24.951212103265014,5.222909854445634,0.41481469569571267
1,558.4280854829888,7.808544775585829,71.51500543062039,7.580974197096585,1.5085387850160772
0,0.0,3.9951807531819417,9.674069804862619,3.7278541881432217,0.47493823652188205
1,315.3451883602771,4.230973078785363,74.53254428432432,4.184102140752574,0.6070591127753828
0,2.2050868180632537,4.019831832331059,43.50981025156647,3.9239174225312428,0.7522736927730025
1,529.5371395502884,8.385899958206378,63.14726376388072,7.875026981448604,2.7751212790697273
1,208.52850294411078,6.475415514449746,32.17418568679943,5.894057629721326,2.095622037081599
1,549.5558381220943,7.588155678587566,72.4256136375737,7.4124512242353475,1.2185291396734053
0,32.78955710105908,8.764524984840985,17.089799594125964,7.777307322862675,1.444652692601113
1,469.2549630320499,6.151555915525154,76.36845519369811,5.9320670143759955,1.9717339868922958
1,401.0877378220536,6.116542468592006,65.5742589942879,6.005009547257689,0.870968921549637
1,338.6887798269315,5.4113851181654935,62.58851651006715,5.304904353999703,0.8844433884206973
1,319.9017324728268,6.216873927891829,51.457008532578854,6.139104102465808,0.44911155494275323
1,391.0467354733471,9.130659387115882,42.812388553747255,8.373487258480166,2.5630268936429332
1,333.0684966514492,4.805782877830908,69.30577303335585,4.732814475015536,0.7610307799561209
0,32.33183396539135,6.537383339285053,31.463808542581365,6.007387539250654,1.8370509363694039
1,390.2931363021312,5.0340525695788845,77.53060400366984,4.992648979376897,0.4708032017723601
0,27.61452609378045,6.28610348570785,48.30322315559571,6.137634725854093,0.8068014161790388
0,9.862590222838007,5.801283378724116,26.68775923943255,5.043051775823767,2.8168596367614476
0,0.0,4.555918587723085,35.322743137920604,4.099729051812913,2.5941222251296545
0,2.323939569859495,5.320133634962558,42.87289685984658,4.911241335019763,2.3912035258778745
0,46.15681372608917,9.846817120075267,17.753640745611534,9.482418711440614,0.47519941898833445
1,276.2352614562298,4.150347338386747,66.55714427551766,4.100219100885412,0.5823909913921045
1,425.0469194203979,5.800129166807866,73.28326266268647,5.646734026269713,1.4093999380712128
1,245.48765067772203,7.178407530981971,34.17579149975474,6.536592632009003,2.217198988526167
1,336.88880816868163,5.622407955502059,59.91895480294869,5.536250153177046,0.6689956224760298
1,341.0513595470354,7.681603684994713,44.38159968936159,7.036431528778808,2.7148794360453756
0,1.6400756481525056,4.42821263897575,43.9998530907083,4.246878313830662,1.299654356943155
0,9.128020112448299,3.9221194500430885,46.12948272391468,3.5776357070635862,2.9561633422001212
1,392.9750505218187,8.08639555679318,48.59706005895724,7.867127953133339,0.9495213414614272
0,24.566620451456913,7.720958852927603,18.008572789338565,7.4378062996701395,0.47933781295364014
1,228.19745944283235,5.3957074457110155,42.29240737576711,5.200006098868348,1.103970190700005
1,352.8269015545862,4.736416458188177,74.49238095518582,4.614266671511054,1.3831911167315363
1,352.4649666663367,6.307798151684632,55.87767828356477,6.027249719350384,1.785392443677388
1,330.4317642943264,5.248902140016144,62.95723582020048,5.0030327328632325,2.129685186020446
0,11.463714453574843,5.977677903152914,17.144282077435463,5.727160824605461,0.5163539549767567
1,432.1521112522935,6.033416800100874,71.63558383255163,5.844375984838918,1.6141954427252845
0,0.7754195615810666,4.86148413515734,18.30791510924059,4.233712520732004,1.8853123854390068
0,0.0,6.729295589004101,18.263190191496776,5.726118574192375,2.8087386715158185
1,343.58559088848784,7.6835536125542765,44.802860501211526,7.259680182316033,1.7840322176312742
1,373.6004216654009,7.293836545909896,51.37829244264825,6.771885110898196,2.6653783436081984
1,272.49013522593657,5.890408254130556,46.252207139343675,5.444043011859538,2.535663755460272
1,195.6109630254087,7.822148457262518,25.00570976016852,7.2961804625866,1.2158399210519382
0,7.209861951810537,6.632407303391815,28.985560926623982,5.939015180979552,2.256755431091688
0,7.19419264090617,4.3365650917543945,65.64492466041781,4.169441999605278,1.8398148893727804
0,0.15529913865713196,5.061776756357071,9.221499768159847,4.360477118534249,2.085869395072059
0,7.339659270036862,5.395164795489528,33.98654301823527,4.809061945726624,2.7498980267596225
1,336.00783926103367,9.060363990029577,37.02385494521206,8.171989127021433,2.6563817262099065
0,0.0,2.594816014473695,16.739997298508484,2.352576670236962,1.1384123541769224
0,12.307277486190142,4.863302281276263,41.413189306302,4.4908818115554965,2.282719696581896
0,37.022512951317744,6.447082373377124,21.450805375920332,5.948729318688004,1.2000966430344155
1,139.29863725681182,5.5509992161735795,24.663886934956366,4.778884350493149,2.9234497081025457
0,4.9177326528425995,6.27069123264308,5.471170183768425,5.453398989416112,1.3840252126845412
0,0.0,4.525760037053344,75.2147188597555,4.364200897431194,1.9417462452062377
1,401.79821757812925,7.443897641181421,53.99277046651237,7.0552514785260785,2.0312521760314417
1,405.5989791860184,7.804911869123778,51.967144050969395,7.672146306770035,0.6261941035237197
1,399.4740127921638,5.924215906364415,67.63407154393079,5.64804875258554,2.2691394001395246
0,23.86654787640423,4.738557093318348,31.686140157370268,4.319733123309403,2.0333345645688263
1,448.4072196916716,6.057261568471772,74.03261679542663,5.723885910823474,2.9499970445544372
0,17.42128055920358,6.961315448953026,13.050754120850677,5.937592790915916,2.465980358455178
1,249.4319791887814,6.158828044336075,40.583038072166666,5.60820020964105,2.652394508999594
1,678.538429881153,8.867461833429394,76.52002823908454,8.737795980986787,0.8141651047111133
1,490.82398006463677,7.270462151470717,67.51770052138659,6.965334892057647,2.049867340338903
1,484.6979669123268,8.353094238016329,58.02694386624032,8.102049998226752,1.267125917278749
0,62.280412547186266,9.384174232008677,18.903477027566893,8.10628278178709,2.138199754001025
0,43.57953129352623,6.178027552132794,28.869618566065455,5.807863509927624,1.2543857752099088
0,0.0,4.157403236945225,46.47740160386136,3.7942020531190295,2.9451319700980836
0,0.4852428199546538,3.5256655837759254,60.67206149740845,3.470009649095981,0.6811249234260974
0,0.0,3.590829226931672,14.542614843919672,3.0592461000463196,2.0814974207272834
1,467.01124382156553,7.104894674563857,65.75066948561829,6.740135766851629,2.4352974810523293
1,319.50630961675824,5.873960654847051,54.39367556528096,5.776594631850133,0.6482038529603402
0,15.519352103985296,5.446136467327232,23.453301048615447,5.032243377571623,1.2902534223604727
1,310.72773447238416,7.9283074670534734,39.15032885746624,7.183714851027227,2.6874726553473645
1,414.9530276859982,6.412661026101237,64.70839890142554,6.280839881614509,0.9624509987586451
0,16.683241836656656,5.045666000090618,38.31073847758329,4.819533969173967,1.2420492138143757
1,207.93872934425303,6.019487192725154,34.5442597827199,5.91008701170623,0.45094930149064694
1,259.5667447154748,4.509895203798863,57.562986496443905,4.349733982396704,1.4789712606280059
1,161.28675557838767,5.325448090381019,30.286044073865984,5.202409286548019,0.4999892290471781
0,0.0,4.940329942410947,49.487769116690345,4.843539146939058,0.6951713326685589
0,0.0,3.186783162603459,71.70857802049674,3.049609421799395,2.2294078044205228
0,0.0,1.2396101994579873,5.617862269134065,1.1623485511889107,2.7657689212524597
1,126.58887910767463,4.648950523199962,27.225964407754834,4.2967157346256855,1.5001119690481675
1,323.8750446551942,6.145154537752816,52.70414052010274,6.017215659984334,0.775589308094438
0,0.0,2.8816158181630613,36.26592920894936,2.63202935257375,2.27201720279555
0,0.0,3.751780585511973,15.900470963941602,3.322295204661362,1.3758114381454587
0,6.136331359399626,4.951056948971108,28.367466004206186,4.357080164551393,2.6191641966756367
1,370.6780177690369,6.988139846414206,53.04389925456805,6.856253104713332,0.7200576981582885
1,269.04664591430605,6.8829513971145175,39.073353968069405,6.283038975028365,2.4832650000814334
1,445.5659480015431,6.529110099479944,68.24461379233172,6.41861478338068,0.8312746118924759
0,51.38944661751205,6.118597698478653,17.187628120748215,5.21773128087609,2.465712203982499
1,333.34999495513483,10.47500469336033,31.82008196304762,9.664260301844886,1.7884707271471045
1,346.10783265801615,6.732651984940916,51.40744251479215,6.536261537565753,1.067199161825537
1,475.4751710695476,7.9585763921042325,59.74374657523805,7.851105100910255,0.5972299191881624
0,8.817042120980402,5.563421986767989,20.740532422550203,4.825906996141523,2.2238338129257404
0,0.6938514692479718,3.7882113919630567,29.998934734700224,3.3658331270967468,2.509892209828653
0,27.701661668436405,9.222426993848334,19.249027564830183,8.467269234050734,1.1422238969392566
1,184.48395122433416,5.775254809160031,31.943864270486504,5.639429496834623,0.5569158550896061
0,59.29313087447813,6.713572327212143,21.284605430089155,5.84290917198251,2.219517530935316
0,12.728582773332281,5.466796527115399,8.725227005102305,4.8979640387295165,2.869662242838587
1,322.1926595047005,4.715305494699774,68.32946888147659,4.578440601375338,1.4236736979514704
1,343.65517765219454,4.717755124248323,73.04397465946413,4.515857492341227,2.2529072223891657
0,5.728447772822902,4.78189820778855,10.579841529059422,4.528654408182053,0.41378627977339255
1,512.1829147408138,7.494511258632435,68.35454833988229,7.261376379037021,1.5353787241626287
1,143.06028771294513,8.250407809760214,17.22196359835317,7.296340701143406,1.5178979619082567
0,0.0,4.948240681272299,11.031759305339587,4.225427309119828,1.5349758872786605
0,0.0,2.7307106815412547,8.452607269009471,2.340308815829932,1.7527586990014856
1,411.94671692085376,5.909922274106031,69.7042529181451,5.8495558932898755,0.5151477463364025
1,536.03601685545,7.635680980135868,70.2047407889972,7.453534891475773,1.2096305418165405
1,551.7840692865957,7.8439192533486874,70.45939626871957,7.417706517189298,2.76499057992865
0,0.5573332657480875,3.7965288151944834,5.304145015311571,3.410373925411084,1.7721451956111696
0,0.0,4.135369515589803,43.67767257225435,4.046572557479706,0.668838961907088
0,19.38545443316252,6.794088488053497,25.045008293078784,6.112101303696405,1.849222364201628
1,494.98502815530185,7.472620371730786,66.23981997370703,7.3928265709040195,0.5066010038811217
1,470.1134167347966,7.977145648333945,58.93599068024915,7.5535451261167035,2.253186229903706
0,11.606200687634857,6.339560375761922,28.398220530589143,5.673448517845701,2.2115098126494015
1,317.1631808351276,5.755411772483608,55.106949228647736,5.666834683346657,0.6141554848294053
1,246.3146789772259,6.0799895125438015,40.49765842728624,5.569560080504194,2.4663196393747335
0,2.9957937369538095,5.123710312625564,5.99258812650759,4.484748634513668,1.598119188221045
0,11.146812331646942,6.650270945006968,7.466920835100322,5.745032706665135,0.8531360759250369
1,418.954943610534,5.948164561906199,70.43432293345734,5.897279535235883,0.4291357047786998
1,105.73893456087839,3.950477110111969,26.741033613844962,3.5959186739277587,1.745143895148178
1,330.7773790585921,5.918729814557436,55.886548221018295,5.79453756937303,0.8412676637830949
1,150.49606176323158,5.762120453968299,25.989973747389588,5.11936440015392,2.17242926131455
1,625.8692869267361,8.330323096577338,75.13145404717261,8.209350556888626,0.7980253706366385
0,0.0,3.7459159451321735,78.74443114005649,3.590211323804109,2.359229280434565
0,25.06293503383061,7.453748148705047,32.054670670946216,7.244384673738912,0.6511180222522062
0,4.76972332816941,5.694308819253188,17.149372708479408,5.440657851508124,0.5508698722338106
1,401.1840371778007,6.150639845661692,65.22848212080723,5.777314424587798,2.865974424534005
0,10.338242216996601,5.011684416779896,30.01544495442908,4.910669365442757,0.44181146731668797
1,538.2916474407789,7.114963720978834,75.65989298756094,6.795227064494908,2.455871501067969
0,11.494614280119377,6.117214976375412,22.966468146645354,5.429687673346945,1.92892176860342
1,319.96356885444163,8.144989622228723,39.28998258667895,7.6559803067535,1.7148129082949501
1,442.905084076442,6.841507663460275,64.78838200380633,6.597383597525499,1.6637492690806677
1,233.81918004272603,6.574169632426275,35.56606739778965,6.20873443219558,1.4314634821955607
1,298.2859727609015,8.09909223107298,36.8302693984503,7.573955859110575,1.717517487273272
1,463.8171870271072,9.143862720493447,50.731169465456915,8.465889056441926,2.7134538465843967
1,325.18759352038586,9.521881102575485,34.15161271673756,9.29164825427379,0.5961635208847558
1,207.4414621228996,5.756251452485801,36.03788933280811,5.5005756233647505,1.1507104696595767
1,304.02144033506204,5.878655741218778,51.71785060671395,5.416790316085166,2.9471066234624175
0,4.978920360863503,5.572067725329027,22.030936304338944,5.419516336424844,0.44560190692324153
1,613.7596171465142,11.431897332984754,53.68834229963421,11.239460805897671,0.6478584692447439
1,416.70393990832383,8.638084758141455,48.24026817132139,8.198829035103811,1.7664574604418197
1,235.57934651676513,3.740110136491323,63.000050661931056,3.5522623532171105,2.2825765647272105
1,502.4066568108595,6.45364724345039,77.84848446731753,6.387974285155801,0.5709338602328025
0,10.79693624499254,5.27609561390931,28.74430564005612,4.643563024766318,2.642091207014069
1,325.82540938156154,5.457390876528757,59.70351422648429,5.354389185226125,0.8140078879953866
1,350.03502759220027,6.186128668428273,56.584057880270024,6.088200779406612,0.6405780971170312
0,17.13923180568732,6.713759143443346,11.238807686987283,5.859935442881051,2.914863158835476
1,280.2621136633126,6.180549714311256,45.34582665475321,6.060265363878486,0.6352005922365247
0,0.8355214877913939,5.364701302468395,51.18620325340876,5.023544034200613,2.3449635772628525
1,479.435920644986,9.865933057531489,48.59509285794308,9.749366902005956,0.41246672565478154
1,824.0092934575947,10.456712171355775,78.85451847535742,10.122476605368432,1.8027591297387087
0,0.0,2.74694773449296,31.243271525271993,2.4816525285082003,2.209209686767874
0,0.0,3.652365590304075,77.37058527601175,3.5431948618509166,1.6582379658151938
1,246.6765320509896,5.429154026874139,45.435537627191366,5.301555236552983,0.7653366176216696
0,33.36713141825537,7.618082229399417,19.145671141148696,7.065095621588083,1.0029997976262184
1,337.60525772174344,6.004319074377077,56.227089111946114,5.698853641186933,2.056089514165993
0,0.0,0.738751054764573,48.61439044070852,0.7274798781980435,0.5401041996303151
0,0.0,2.638800738701811,56.81651244344227,2.4782435437940125,2.4998139964237964
0,0.0,5.491799395154466,19.34236851795763,4.806101172864203,1.8829409987025172
0,10.464673347524203,6.651525556661779,10.584294724106964,5.787276090403408,1.115563813587472
0,9.05384223244157,6.292241616053381,28.30689227372258,6.049248380609299,0.7908192493851439
1,477.16921617540953,8.479732188248239,56.27548643328605,8.17789024679963,1.453520849201149
0,14.75711308435392,6.231233615080554,34.473925373379615,5.607200832578667,2.548965199559018
0,14.254839614314449,7.012467462731981,25.78242801552384,6.045245361017152,2.9802043500862765
1,339.0307865609786,8.234878767852054,41.170198723020135,7.920219953668216,1.1415152475664843
0,0.0,2.9321978015430394,15.51671775215182,2.4955362199055697,2.3780132948482153
1,287.8086789490163,7.348345006266875,39.166462476047364,7.18155918963374,0.6469588490674494
1,542.5190563992063,7.237872934163626,74.95572811787841,7.022053180949355,1.6141574065958944
1,652.4701081773801,8.679742963523957,75.17159353314472,8.502654429237916,1.0964901571307544
1,349.86727492772604,5.23995884461585,66.7745716837603,5.076394414769612,1.4949475754133457
1,285.7806866489173,6.308030683725645,45.402862181948805,5.754619034719007,2.8819513232227365
1,142.10580929367794,7.842265677156154,17.71112411511346,6.773062520516239,1.9838460650135032
0,0.0,2.8560659040570324,44.727887968435724,2.763595818117708,1.0371642184871592
1,312.66609218613104,6.394542351223097,48.89577317536472,6.260645036569702,0.754289194924806
0,0.0,3.304656625860294,34.67283751105083,3.0940121739640483,1.6023830985032004
1,315.05845294666915,6.934569041299002,45.43302562431356,6.784029287236941,0.7056336042249687
1,280.82713869247846,5.908864560793711,47.526413465261655,5.794267312311557,0.674046185756907
1,201.97924057430666,4.898854292402609,41.2032700254965,4.441110971548677,2.813747097278622
0,0.0,5.127838308384972,76.80438116393307,5.060086306029618,0.733584133112775
1,228.57257744300617,5.435527329013864,42.0515919817462,5.3594845711690615,0.4248253895141005
1,402.61724475417753,8.974142418227345,44.865600469086985,8.715398187152715,0.9214066219034392
0,7.009022657660192,4.744482607161266,46.004239966784084,4.649377223166416,0.6665926564871651
1,303.556069564972,5.549167193218465,54.724803560750594,5.258689866538238,2.0745438221405874
0,17.966902040635595,6.443657188193644,7.90840872114282,5.817491051281247,0.5662781346752929
0,24.669192318531405,5.615636640400606,18.69792510544863,5.241431675299178,0.8989290271465956
1,578.452098168527,7.858402951051202,73.61017390025961,7.608233529087884,1.6938243497300762
0,7.721374161529923,4.3574755646184835,59.08118687979921,4.268923232969464,0.8595804465919661
0,72.95027060613809,7.908385984633334,32.221499694135275,7.0988588840926,2.4422280340944904
1,288.580993198941,4.8318712479213195,59.724479070437866,4.727673232329237,0.9374999688179876
0,1.6166438328772543,5.522863880700343,35.372675349264966,5.0426154837565065,2.2272285349712115
0,0.5139566600842012,4.627624012922032,11.736030340267245,4.275713781391533,0.6568248672172399
0,0.0,5.239524705445584,52.79413977988031,4.862701959403811,2.741735915581498
1,412.37773995326035,8.08068793983787,51.01876246804972,7.430605591204856,2.979317394453398
0,0.0,2.588434167757463,5.089888683168763,2.4284022306965807,2.5371179364228045
0,0.0,3.326524433586413,78.91841991145415,3.190716612017408,2.3136522736123535
0,0.0,4.62059299245208,27.80586994566417,4.133683868684071,2.1753979989942764
0,44.97307852704751,7.782316024675727,29.084964227559368,7.389300538963193,1.070899053802689
1,523.8842163716716,6.791205538155316,77.15270673297228,6.443818659856909,2.847859485573481
1,412.8960328468851,6.782217351262088,60.95313161669884,6.3330252672957705,2.9154094755904594
1,506.3615859837357,6.960202301217675,73.0186351644003,6.634594481157615,2.470189520173013
1,278.0971495216469,8.9484932624202,31.07849325162788,8.338473022979217,1.5388594340972306
0,1.0667254672183972,3.655100175948882,60.84583863901426,3.46846826014698,2.2398362404593737
0,16.66325556107227,4.71419875055994,18.103954623898172,4.173583149887141,1.5713209549818417
1,409.2855141314608,5.358885853978098,76.37511328011999,5.294603319005129,0.6521194621849107
1,330.4851708168538,5.062179813518653,65.34969406017981,4.871074189691677,1.779523902000804
0,0.0,3.452342278413566,15.865808909662356,3.1770591557512082,0.9212116032981991
0,10.40669922438229,7.039210401513903,26.731457195728034,6.492080770345607,1.4978727642196965
0,21.840295625882966,5.329727118262222,8.411255523607135,4.742392421645123,2.5875505770061396
0,0.0,2.1410900058577127,16.933393912238117,1.820078517342772,2.7392378797897408
1,268.72072433265583,7.5045282527279396,35.830871015892285,6.925274290370563,2.0108722003021096
1,232.06332117748514,4.822674145366668,48.1167423730781,4.497841098845527,2.3295660996360543
1,435.9782885123889,6.5002158323565435,67.07700060671397,6.228288657747287,2.033083760415173
0,0.16108215096393635,4.2586044178858575,6.518406323602594,3.8801828590218377,2.4524815370056308
0,8.366320923618652,6.93699131245852,46.78316929082042,6.348244622509507,2.8772876653601434
1,481.8324755549032,7.293464879064895,66.07786810860945,7.02136819060882,1.7708561404658698
1,236.2892442962476,6.969000359109039,33.905758898114044,6.773897501856532,0.6867282597383544
0,0.0,1.9895374997245712,28.70936407130101,1.7442664361271634,2.7515588791531576
0,0.4484753364227635,5.773030901777541,20.8781285273879,5.009920019216833,2.2210659931367562
0,7.27932114048151,6.045649305204804,7.222599809312854,5.164309953188877,0.999066927435802
1,448.56303963656603,7.717880547659653,58.120257523666076,7.386640513838639,1.8060527531858557
0,0.0,4.297920974067252,64.50652540744193,4.178417180692446,1.2960321731952726
0,0.0,3.4398600944422095,44.398491996117556,3.171836284559292,2.5033005594591313
1,380.72570486201926,7.814108283119619,48.72203009993955,7.333972396093571,2.151451087887556
1,287.6959379947603,4.866418494602978,59.11862922512473,4.778155738147559,0.7799435464135046
1,239.49970886703835,5.295150802262312,45.230007153954496,5.119515479630643,1.0922922667102477
1,254.55980036965204,4.529498352814109,56.20059053769722,4.413553171618669,1.037976956800466
1,262.2674749694591,5.459734268637049,48.145484980242095,4.994461360020878,2.977876331785488
1,268.83956810976156,4.302683523291555,62.482247957685885,4.111277787786637,2.015614896146954
0,7.693419648575617,6.401977206452324,14.324607668356618,5.466097276106076,2.738294008811479
1,336.8449084600224,4.7129581881099805,71.64961567162558,4.493884184723299,2.4023765361270804
0,0.0,3.4340634343219256,71.31347505609416,3.234651471736726,2.992096932280305
0,10.533931181671933,4.2448309825709565,48.893150979264924,4.119825300315533,1.036283796606987
0,1.5194886928713691,4.555360976276741,8.8487845153571,4.092435443231603,2.9639420685032714
0,0.0,4.083313735309043,70.75582022624734,3.973793668941626,1.3709622613466288
1,593.49280334501,7.591601104583883,78.18070466949521,7.277063752348395,2.346753207081446
0,15.335377794758282,5.462601928751774,37.77401178064604,4.883084799707226,2.984245486450778
0,0.0,4.624375051475512,10.237097956692695,3.9666420513884253,1.2667529267346835
1,313.2019241900353,7.553759535368818,41.46592257650274,7.23727662707685,1.2584595058418349
1,253.77834134205258,5.065816727426133,50.09627353082797,4.915186551288698,1.0901578719642497
1,253.39570620533277,6.153393003768707,41.18174721208557,5.801603803032925,1.6927781001891469
1,312.6666991053691,4.7547478637114065,65.76093665049294,4.576644956715105,1.7805197263091097
1,388.56229014976515,7.045852247878193,55.26406572152499,6.5855254879149125,2.594967937144051
1,288.1338965574956,4.720258341477882,61.04198349900602,4.571603664560645,1.3840249811483876
1,451.7886106390539,7.030513110672865,64.26289419058529,6.864073425840432,1.1018501624277617
1,435.92424349585565,6.921876651223601,62.97775378860531,6.82790045813489,0.6089721052975641
0,0.0,2.1806112813765592,27.21592363226402,1.905995243691593,2.6956965951689025
1,425.37899628556,5.383488907712835,79.0154867189152,5.309649014720955,0.7872374146229526
0,1.7362859819130438,2.3638999332022164,8.497307003015495,2.130729675710202,2.9288528358303556
1,267.79464335811,8.567501806392825,31.25702794229776,8.387555832549584,0.47603694340732006
0,1.5812682891932974,3.733014008813191,9.256484868335594,3.2934723125475736,2.6447530932816576
1,531.2465579177227,6.861527330237966,77.42779982821682,6.640910391873124,1.8051803316863881
1,507.5769418430208,7.38537251207392,68.72733148462463,7.245700583386711,0.9470721145591665
1,356.2383439266779,4.653573328370461,76.55158531285649,4.541293901192779,1.3328322219183617
0,0.0,4.337579955789191,46.026157437472406,4.179906154101306,1.215615452870098
1,346.26818753666026,6.012200996532298,57.61520776850782,5.7909329600607755,1.5346465148618869
0,0.0,5.041501570392309,8.593294727825853,4.320642534420294,1.791053822850333
1,320.39342923010986,7.665780478288999,41.79563123377419,7.4218623855738795,0.9578792941236574
1,315.13430731236,5.115715485026265,61.60271806599572,4.850814202492872,2.3020448336560873
0,0.0,3.9659530867175015,48.47460734605535,3.6386149826765903,2.908919927385475
0,10.406695589258478,5.880651170149734,32.9948805985356,5.637552605632687,0.9822084896920696
0,4.378111757994275,4.375327142189269,18.218481031089407,4.025436910196648,1.0453593787618187
0,6.07269990693505,5.5730149280755,13.010947679428742,4.7896033123899455,2.8080559884710463
0,4.538945178182049,4.159458303769711,11.30330165078729,3.593438589746598,2.6158194348817965
0,8.861962490575944,6.625496014296875,20.60917127277237,6.224917443792906,0.901992967972691
0,0.0,2.7478701190865062,70.71240200063987,2.6222512043527693,2.3195324742641703
0,5.18465966731799,5.141312469656517,23.91156704342585,4.697628010867075,1.4872050560602297
0,2.566237202012089,4.16258295168456,25.374010276252463,3.812436814359166,1.5564994778128645
0,0.0,3.7405306493291666,60.581069483564335,3.5497980856253633,2.2222672274515687
0,0.0,2.667432275166262,11.223053032032691,2.270557416908357,1.9065875170284472
0,7.389427548038621,4.3709071612541,15.60940406657879,3.733419403662064,2.1140391283532884
0,2.8811946403251163,5.212735260433806,38.268122461182024,4.738717132195044,2.5426089004102645
1,346.33847773822947,7.495254882397612,46.20769664414078,7.1038328746978445,1.743254826703263
1,238.4392117473101,5.410767893126085,44.06757700098026,5.306415596519968,0.6191986050120252
1,251.77645243695534,5.8586160739902615,42.97541404816796,5.654236949259746,1.0732013013545996
1,145.55235486627654,7.413671256215883,18.636404004339678,6.322713706300885,2.5854241398445375
1,287.26911950659274,7.3958079417036675,38.842155146665235,7.26684703330137,0.48579660395680957
0,9.87297333521855,6.100167201768854,36.12679102089754,5.565126133289783,2.297086530003202
1,427.21227972597154,9.263423728736846,46.11818397138641,8.975537429387956,1.0230925009968899
0,0.0,4.775742345403849,21.116299249701306,4.552012230395693,0.7025543246088963
1,347.7358921544305,7.173772214122871,48.47427295943277,6.825692566513305,1.6882902335234196
1,466.03790652882674,7.54159883823101,61.79563730787657,7.451211363053171,0.5327142016522749
0,17.47996186047584,4.856925268540579,47.33014411455518,4.706858565901031,1.06508238884438
1,324.85812622031045,5.424557798707802,59.88656376961154,5.297283933779232,1.008955900487694
0,6.8028135265406116,4.935487346601784,47.652069999114985,4.628694012316076,2.1382971094101024
1,290.1377222296847,5.555888522783714,52.22477901474417,5.299714687221487,1.7451430296659605
1,306.0931354324148,7.598297201318847,40.284438492674965,7.384842989436705,0.811070144773667
1,384.9653989754714,6.079795462895093,63.35384772841006,5.730695778409671,2.6258176007267853
1,637.1761843086108,8.047561143277436,79.17631055304076,7.8425133886850755,1.4471259691571117
0,14.986539130503091,5.112153955416813,29.70146211891247,4.509148320303789,2.673211446351814
1,275.2412530680513,5.86361595099887,46.94109548689458,5.514197520995464,2.0155453852137546
1,285.6928145873936,7.535821555446945,37.91130316030958,7.285932673470715,0.9106707584474498
0,23.011810655631717,7.64271803649901,36.05424244015637,7.4041247342882155,0.8133943030534547
0,7.5527629764696576,5.995774938896779,41.316609832097896,5.758777413847305,1.1669562663340494
1,457.75909181557233,6.883442471072171,66.50147929969435,6.754368616603186,0.9000670858746307
1,275.4721985395492,9.782198378061139,28.10255395148734,8.703504436743119,2.320542192778598
1,426.84469404444866,5.666939196193041,75.32872178635371,5.48164676751585,1.7695377812632542
0,14.086184173652489,5.747150148592601,26.898328306141167,5.609600393737852,0.463739499566358
0,0.0,2.8169039781380243,58.93776487709097,2.663646070637142,2.309379657485815
0,0.0,4.4211246776449045,33.86202596239934,4.003770141461508,2.3413507301315266
0,14.483803990940928,6.486478610054397,28.09165664520322,5.687046318963791,2.683945427764298
1,647.5739912628474,8.787278914984217,73.69448466696782,8.658171097978116,0.7791632137160045
0,1.3065491228544812,4.513304425764421,41.8637738004279,4.116538342369667,2.6653788488286954
0,0.0,5.184806983436181,69.8601628754216,5.035642273804337,1.4532644722449257
0,6.689981940407965,4.17839156636558,18.30755822566951,3.5611820600620185,2.6177316653387686
1,350.242392994695,6.499980924601069,53.920869924459446,6.234452893327125,1.5792575453362865
1,564.4411449411078,7.572973549277299,74.56318372605102,7.264639522329881,2.1942595778371645
1,221.40816216356637,5.829818911086988,37.991685215001375,5.261096556058791,2.716481724430404
1,466.8109842806546,8.452695804617402,55.22677508592539,8.005427007311539,2.1006342169290564
1,315.0653650197688,4.613248752423714,68.29576767459582,4.555465395791394,0.6156393476467996
0,0.6137243778042045,5.931607293399869,29.873860871612408,5.427953109784181,1.8491338564833613
1,322.1143201391309,5.7265286053058775,56.24957632998206,5.5790012083234535,1.0451613987009611
0,0.0,5.042996419191447,12.185787730933917,4.540602237553479,0.8882270127371348
1,302.3111279407131,6.018132831536993,50.233531336143365,5.879413139090994,0.8295679214997294
0,0.0,2.04054202636494,17.404849519090398,1.9482423539875997,0.569418123180867
1,270.2005683760475,5.684142858424394,47.53585186564929,5.4808387492443185,1.2384276028358125
1,466.99570876872,7.519243194683242,62.10756048178814,7.1641834691727855,2.1180345338695763
0,0.0,3.0050995472329953,5.686205628305789,2.825592894456076,2.870767214406335
1,470.7171033329264,6.808195124241238,69.13977864803431,6.648385090501781,1.1671870192870295
1,195.07852020390104,5.235498889426575,37.267174447048006,4.963161460911064,1.4040003003468526
1,256.1059885224258,4.677665641515568,54.75898990700942,4.4391770360445975,2.0169264207671325
0,30.467654516064307,5.9900569437297815,33.356583550000586,5.435103156131102,2.258185700157027
1,503.59327170629643,8.661374393076935,58.164167935839345,8.3813291200103,1.3613671641792338
0,22.733821958607397,6.473428135820329,23.38411101904317,6.045597087094236,1.1264505798793616
0,0.0,3.998082703800847,13.917917381720958,3.3973068846713086,2.2022300226249025
0,4.248945216327395,5.291016659163111,6.053137634093233,4.5002507556701525,0.9943853956929187
0,0.0,4.287575987194597,29.2504298461396,3.856365033791197,2.1665368187102114
0,2.2644395834274533,3.7882197335578356,8.832315837765343,3.2501557512919104,1.832576375793769
0,4.117170827132696,3.090830826734839,9.22072302019485,2.75242309252368,2.8513394077699155
0,4.675558565709829,5.283990433247583,38.968868765693884,4.983055472768206,1.5912253003064913
0,0.0,3.591146512630124,56.28972569751124,3.3870803919796684,2.304442112999592
1,300.04685128622975,5.341919813228293,56.16962771710202,5.157812790509938,1.4030134998019763
1,371.3735660092065,6.900373156604907,53.81936661498404,6.750986323246712,0.8471616142626281
0,1.739558017410986,4.3600443255992305,24.463429624055067,4.0421924859663685,1.2931347254578913
0,10.495988931944721,5.646189714814197,13.817247685567878,5.307715822217797,0.5872275152255299
0,0.0,4.2609431633131845,20.36597640134113,3.850719569534015,1.4417403953012102
0,0.0,3.4324912242322636,13.117390316278808,3.204800206893314,0.6337006311980017
1,184.91657446258205,8.350794383545994,22.14330910934305,7.833646694477273,0.9874539102451549
0,28.744356160474627,9.89524843667909,26.437581234844288,8.911826940385472,1.9278647791165944
1,374.8356757414622,5.742348658895166,65.27567342991759,5.652241135676962,0.7303832189254087
1,306.7171574248743,4.325045079635108,70.91895670939195,4.195031534250503,1.5442572082430681
0,30.83734256749289,7.305190131645046,23.169344407427232,6.576556068071392,1.7064190623451214
0,0.0,2.8272494442458758,66.76456827100395,2.667031241794725,2.7343291598483517
0,0.5130008483280301,4.839691647799652,31.297781662405797,4.593985066020447,1.1455253418564226
0,0.0,3.3106533379516248,66.72524788862563,3.207881390363369,1.5026870760434794
0,19.38799445316281,4.012359466419364,61.23533159973179,3.9372745340251996,0.8214868827622696
1,272.5396124116465,4.725580434333377,57.673615253931814,4.581076130803155,1.280172920029865
0,0.0,4.56241043439881,10.603915046672055,3.8974871630167627,2.071489085328726
1,127.48283667961482,6.874789365035303,18.501818173292058,6.182797074460745,1.3722387011689654
1,328.88378618556635,5.056827145461795,65.04126152916896,4.759770313637105,2.7539878137177545
0,0.0,5.4114503611015765,75.49441288078302,5.213712531817136,1.988068264601361
1,351.98086592070786,5.645804505803208,62.44883657034545,5.333585070595218,2.491115938577332
1,410.84673184694725,5.788016853831605,70.9853138158071,5.469119696300153,2.816806883447875
0,0.0,2.3738030491657134,14.470237193171602,2.019245802092159,2.5662777637506364
0,17.66534668514477,7.132791387010732,11.953698381868358,6.479570670793985,0.7836154452950945
1,440.99014013477614,8.182609110015783,53.968203161147684,7.711270939893354,2.2487047112568948
0,0.0,3.115745593667131,6.998102333062764,2.869255096838101,2.9074093405060943
1,222.48788780512396,8.703297617482542,25.495579644801893,7.781184419264894,2.0040084548478947
0,3.0864037409335108,4.086388844747308,33.972555947554326,3.8955854061133164,1.1352875205513229
1,203.08890048944824,5.954246894421572,34.1082389976979,5.706662486600427,1.025810122166915
0,0.0,5.064461528692279,42.923843564822775,4.711114384986995,2.1706115044650383
1,221.03705346680275,4.285641422782105,51.58343469312065,4.002344129707773,2.4564282301110363
0,0.0,4.75957271784352,7.96617803363408,4.0517617655293545,1.363912335643435
1,439.94517182727145,6.620238433801505,66.4546614541835,6.4668454496488845,1.1123063072193227
0,12.321398556653584,5.174413225202859,15.46250570150101,4.445626067814694,1.89021971397136
1,411.72078191039805,5.700333326779932,72.22839485759508,5.4696826530186895,2.117586013151418
0,7.596710119812862,6.107236032378424,25.36659761747444,5.426289533193136,2.1286214692056484
1,408.1546876632148,6.6002980422496025,61.84937199306896,6.272631844698686,2.2147462263558504
0,0.0,3.01617773300594,69.31370544218248,2.955180665475225,1.0159208747219557
0,0.0,3.3985188313988672,70.13793028412479,3.3502775056209444,0.7139046090281352
1,472.7936672763474,7.025100892632355,67.30063028045481,6.8117913061639594,1.4743197317326842
1,311.2805101813169,8.52221603670803,36.536296315515074,7.688904640321509,2.6173186514651228
0,5.324493260407674,5.626096369259981,11.498189010408893,4.846532554530971,1.3460156801131966
0,0.0,4.571564256687317,22.627007641563228,3.9382675227290482,2.6350929421394156
0,3.387441307226821,7.11362111599212,7.093080679779472,6.083972263515872,0.9242523795243435
1,380.11770973497204,8.149032681381957,46.645746168733396,7.979428826855838,0.6988399260532392
1,333.10233732015223,4.414715977722201,75.45312275911346,4.294158559709732,1.4874114585419167
1,517.7131068205106,8.259120593209142,62.69700279628847,7.727622639446164,2.9112952430715184
0,65.23154765579804,6.7963060376547535,42.4062034510461,6.1493474308546405,2.956143911822978
0,11.795739207350138,6.567695003116321,29.33669847061465,5.828863487966905,2.49571416063753
0,10.431232949483059,4.8996404873071535,9.199196274165658,4.28439939210028,2.42337072864542
1,151.71124716603597,8.274292910848036,18.27533994742932,7.400109923241791,1.4243533996452977
1,122.95575412622264,6.287657116639803,19.39557840470029,5.539309358015562,1.764921198392702
1,266.10788923356057,4.63719819968958,57.3855170827989,4.485280954885733,1.3512349232341896
0,0.7686619064464155,4.712373472560531,10.639244614598491,4.105061784998552,2.706275937835613
1,411.6909120455886,8.292923082754045,49.712504732195505,7.751791251798249,2.329734709914952
0,0.0,4.512910602916895,16.424882712294306,3.8488033010444083,2.332178917309545
0,0.0,1.5505387334891672,9.65890780970738,1.3654054174488095,2.742907461373682
0,6.408364712742157,6.915394773805786,12.965821672004633,5.915801678888234,2.590162696329709
1,462.69788783829665,7.3918952965663545,62.59529786433579,7.270446048077074,0.740274809356755
0,7.173799349225253,3.519091032613639,16.40465046052596,3.155430984486166,1.2548640111203198
0,19.484635350630537,7.809528244828267,26.42876079266046,7.42547666080609,0.9469135147264138
1,325.2325651317727,6.800664908448409,47.82461258517378,6.3914514271478415,2.068408742152789
0,5.503701681596799,5.181851795348739,7.390151161939292,4.626457540698187,2.3528273042670884
0,0.0,6.496321924148327,20.57915298664281,5.777307194391249,1.7168447896317032
1,434.72086376952853,7.6546819691821195,56.79149904852011,7.567282386927134,0.46468948258587267
1,180.13234911644324,4.942616729281195,36.33923081246212,4.404571991361933,2.9488667553301253
0,1.3489456584716941,5.119874251177971,42.59431072531294,4.677276576874559,2.6739191584533732
0,0.0,3.9093733900620244,23.913348769082898,3.5130124999699173,1.7752146802111235
0,0.0,2.2224169592517913,50.3222141043868,2.1830351928591067,0.650986316086791
1,304.27522453338656,7.449669142683467,40.7867745416792,6.740344024647825,2.8378113817276613
0,0.2698022231712188,2.72731398216755,5.90342371493878,2.3808732383233,1.5272947921048545
0,24.339440255697298,7.766371276042773,22.861627291533054,7.211776304609117,1.1674598956070137
1,462.68313357621855,9.740575600244341,47.50059468506062,9.591907140846116,0.5232346415048768
1,267.9155279078879,3.8910212423656576,68.85485663198844,3.8474523989015896,0.5578595208874642
0,7.950599305577834,5.708440634567045,10.895262818076969,5.3615094106191,0.47638280347284284
1,469.11771332871473,5.98696313627483,78.40917045114988,5.775780579375604,1.9981473973512216
1,356.1343538036,5.7651443515303304,61.773934762924455,5.562790522318498,1.5553025550985415
0,15.916957498852152,4.3898043211500175,24.24003259412799,4.006985804548195,1.549514664835744
1,447.3966497892533,5.670300932579359,78.90174957747128,5.5638947381950015,1.0686624007777241
0,3.2018994669856666,5.2840765444251545,44.93729054150403,5.001585800917939,1.7290147230236221
0,17.291223536802146,7.281338074979601,14.247763455000499,6.44810162874136,1.23120732974817
1,353.9296192551291,6.597528577114068,53.660939984803434,6.264765212539181,1.939735439513112
1,340.67985042436123,4.849723475621042,70.26759452527519,4.689369659156285,1.6818937113684962
0,19.74370987015951,7.254068567082268,14.203716403474871,6.691167300059806,0.7830594781459834
0,32.145062283936596,6.490615216177719,35.240484573555534,5.774818353790224,2.923589344194029
1,479.58300237787,8.976470147185655,53.42668047843191,8.86811726705716,0.47455770670062675
1,175.67290053322722,6.4506539174391095,27.183467757218814,5.79224452186825,2.041962989289113
1,392.11596010404617,7.366857411559694,53.22703266779759,7.233028855568351,0.7068957639840746
0,0.0,4.790751927718089,28.060934521821252,4.645321748293619,0.6011779136836011
0,30.13794073646024,6.801391372557182,35.889093544676534,6.6386659284453975,0.6156931558686162
1,226.9511990603375,4.091032260910318,55.4752905508101,4.015704536319346,0.7455933414464246
0,0.0,3.0987617857183745,25.641942720381465,2.871484771212758,1.3568592264945085
0,25.382152858168904,6.632817158341786,26.574965335287082,6.108705787948274,1.528246365411194
1,396.6655653332389,5.296688221582094,74.88936405753459,5.141522001853522,1.595894344828816
1,418.31405908567365,8.209464080673518,50.950358474346416,7.621999530659795,2.634438320788951
1,492.5002933239196,7.244088128245488,67.98651322510955,7.136967647727544,0.720438883261285
1,227.19976609905905,7.214890153073805,31.442779260161153,6.527788404101327,2.189116942869151
0,0.0,3.48564321597441,66.58203085667938,3.4215745682348744,0.8939058384140759
1,457.4890728986106,7.712722085720803,59.3164472364015,7.237867224310548,2.640620934798851
0,13.53968717986305,4.778153240172281,10.314078745961384,4.1238879616801665,2.3496816495620125
1,369.31265876589123,5.355023013953068,68.96581195002423,5.217666904411999,1.281460959143478
0,7.398256276737881,7.898640141491193,34.75125271410877,7.147773209947302,2.417680289811691
1,369.8217828120482,5.9873680139137395,62.07616201347822,5.636329281235609,2.6183692072448297
0,0.0,1.3429432096820362,62.831452372794374,1.2746747698852445,2.2980966375700267
1,373.8924444290151,4.9178246292727055,76.05306999584307,4.652474961142055,2.9613782603708416
1,339.3583835922655,4.248263574316993,79.90202559464156,4.123722414118601,1.6903667808731178
0,0.4609368141963676,5.985261869610747,25.776189412825545,5.268990694870889,2.3560678882894672
1,364.8769384353993,5.127239753655711,71.16453706508527,4.999233941939792,1.2694374699405273
1,214.47456465408072,7.474258328568998,28.695097870117483,7.153429452587999,0.8868718794657837
1,134.05471842653415,5.293440281838149,25.228629623217437,4.705647609049555,2.0927214115841806
1,453.774764011844,5.726962175407138,79.23563736511528,5.487587442440691,2.384271884867926
1,426.40816700816777,6.424366344594263,66.37895945905345,6.186170551884069,1.7683068774965784
0,0.0,3.1748429407165726,34.05512703770496,2.857587172144892,2.50569142786694
0,15.442432397785659,6.9414632577878965,13.031155150103892,6.288592963690697,0.8898384499304759
0,0.0,2.8046059379180925,15.690508798905398,2.3872572262550604,2.505728394351516
1,427.071990074036,6.23150826440644,68.57625967947274,5.865401636307933,2.899376930589919
1,183.12998190376618,5.022903049087406,36.458991964226456,4.939839627689215,0.420519109848016
1,397.6707533784783,7.336128680814311,54.281870029571685,6.786422352855859,2.9511245551752663
1,333.3169618211322,4.479409993615802,74.41102314086406,4.4004959093068505,0.9494531723359936
1,235.45262857355752,8.18599700387116,28.33721326937259,7.123013628511279,2.932932699200163
1,189.74202489485583,5.326977542517555,35.61907757502733,5.22124705075762,0.5165915170761557
1,311.31922285801727,6.884929163220577,45.217552131837294,6.718554015399123,0.7770550966309662
0,25.54673142017123,5.463936191683272,10.954910037189933,4.779994578320079,2.89474721273458
0,0.0,3.324366129272864,6.706741350482162,3.0045466885323657,2.3601326553407693
1,386.68947363047397,6.841817729240653,56.51854231381437,6.697111375070382,0.86867868878219
1,386.95224319762553,6.333103057325516,61.142249310756085,5.951500250135937,2.655910326120947
0,9.214025696088282,5.545845381843248,33.21184927559044,5.126433216398602,1.8202711139971934
0,0.0,4.978160626626784,29.005601827476696,4.793591576537595,0.7775814823379272
1,607.2634751328238,7.703386756070315,78.83071411023413,7.581509002652155,0.9103904283610552
1,264.65464111093155,5.464622231810857,48.43065008150111,5.263665807786627,1.2782652343891272
1,137.13615539212984,5.500127487571268,24.305495902766566,4.726536162967335,2.9156710359133737
0,0.0,4.253982130712836,33.93810561493062,3.831491697850013,2.490777409651308
0,7.061594549361013,7.185570837082449,7.909773426004197,6.228228676109853,0.8628299290586889
0,5.340157982609391,3.924967801993999,67.70901351005861,3.832630556089725,1.1521324608857269
1,357.52578056160445,4.588174389372338,77.92539242891561,4.419695495474982,2.055872877736594
1,341.49515648059617,4.924664865091005,69.34785036851626,4.632316247188097,2.9697224882526725
1,333.4664989798465,4.628830866780717,72.0418515294451,4.4360320581629535,2.161851351034752
1,254.03568491042367,4.464818628285371,56.897202986684064,4.3083106503984565,1.4377659702886838
1,284.6611722465056,6.290254229955515,45.26569433677788,5.872525269648942,2.1593758518553465
1,169.80972609682667,5.397657438753404,31.42296135288831,4.892167947956948,2.141597845969815
1,359.1901631830878,4.758096680177438,75.49186893811012,4.581426996926642,2.019236342962101
0,20.45490928959174,4.89519132291259,36.329427411264234,4.7390111242592035,0.8291390639338408
0,3.543889080953552,5.5175003437924,27.317378262315074,5.331959477222516,0.6685245133714361
1,657.3669525133989,9.280501424953318,70.83312877329828,9.130117731047996,0.8221025175549896
0,0.0,4.023436261844802,43.31033126713227,3.8748365239891713,1.157319991071482
0,6.3242481917657765,5.6590489873467344,10.281065103969713,4.835826259736006,1.3529655324856065
1,371.3055724721207,7.440907566336742,49.90057661565389,7.298927086497617,0.687089672260931
1,289.9433904785799,6.246370894135329,46.41763118503565,5.893307586129673,1.8985332351439124
0,1.9067930181079507,4.589614472848944,21.548754354186865,3.9858730325288705,2.2838438617532018
1,407.898594063725,5.958691544326871,68.47175072823444,5.783029602895633,1.4464847098792397
1,349.1825251104393,8.176925382761459,42.70340118873822,8.03699925994732,0.5283822272470358
0,0.0,4.048111215159722,9.797640928389388,3.4449443534783244,1.7228057733987128
1,183.71658268375177,6.882429997685642,26.54561699912077,6.086313936583529,2.326111994696912
1,250.96296840428352,5.435620788025908,46.141524382630955,4.958621956953061,2.942175725521413
1,481.69441069454433,7.301202149245375,65.9870531249646,6.866325708553662,2.8477362237279955
1,245.2830763750459,7.038098709807643,34.85075728253129,6.758278825158262,0.9997465012600034
1,477.0061001195352,6.431208787286215,74.18244559434109,6.113814880368312,2.6352717741263105
0,12.369595146199599,5.975156484411195,5.759531155877816,5.068532392094707,0.9439546273318377
1,400.48682772014934,7.363420298734451,54.38869594194432,7.23302309977381,0.6908837747593874
0,0.0,3.4302824702815844,76.78693063554896,3.3886315693736138,0.667928185408641
0,0.0,2.3543476097393032,79.48850623662892,2.3199334227971176,0.851586017702368
0,0.0,4.306538930447529,5.193689316709236,3.6881034017387977,1.072084187180388
0,0.9190196035086244,5.237459082311355,6.9435543067879735,4.452964035684584,1.0902446139399466
1,384.98915010281553,5.26583536447967,73.12987083827875,4.999150196257011,2.665184411191302
1,219.59705957227374,9.277073809185262,23.670780189116883,8.770311770834535,0.93949814407544
1,351.6034584818717,7.730737032581236,45.48122090001414,7.3867986047607825,1.4534439185660823
1,429.40454636462323,7.420780253781026,57.88574563527431,7.08273962092051,1.9138378166310335
1,159.440074541497,8.370672769861258,19.001637294484453,7.52587780696433,1.4134704428419909
0,0.0,1.8260553767935461,12.958289057412207,1.5571911644457321,2.422637948334711
1,327.2418678008865,5.831389455892173,56.12048533836154,5.581873150890302,1.7224492238146398
1,195.89777798083935,6.569633418806081,29.662394566643407,5.816234883725199,2.5767070273422696
0,6.607514693892198,7.896100042578292,18.557633556836446,6.839634894670226,2.031779563356465
1,486.3631664776814,6.733965720845594,72.22537156644395,6.5642084319124425,1.3049545491335723
1,477.19430339179615,9.759551875586869,48.895106258248234,9.456651532529417,1.0930337876469118
1,372.97439556597635,4.924730242636383,75.73499006616868,4.824502157906019,1.1066831084624504
0,0.0,4.092358251389684,77.36822746982403,3.978382808478278,1.5605472736724084
1,63.64641225409181,4.246816820098905,11.613066853907883,3.687541804445365,2.8385645367214574
1,426.1767676066732,6.082710527126587,70.06371786792779,5.842213977894813,2.0028183277529843
1,304.08464809918723,6.78889459325874,44.79140048539473,6.430128553399981,1.7048129410721216
1,195.4185872889285,6.205053433231697,31.493457613379796,6.039650352388959,0.6033917356928946
1,366.1110606781549,5.193824161287525,70.52245245868653,4.94130115463265,2.480731311963871
1,271.4592072482196,5.771513232594838,47.05803583154573,5.313376924092035,2.7074920150445054
0,0.0,3.3649914784682156,33.61950204695168,3.1471803318973803,1.5769526823078532
1,362.11329067575656,5.118767034347613,70.76456579920921,4.929322452368705,1.8940589604436178
1,291.6669410251098,4.685269380552054,62.25208312281272,4.496285056157558,1.812009548839796
1,460.98919871500703,8.416547189440411,54.828654842094764,7.963865571469502,2.136636476890273
0,14.593284355946155,6.552595145961544,16.849976497821523,6.252490074081348,0.5567186080773373
1,227.02148111480975,4.204776747770495,53.99132813612841,4.129676586629788,0.7099287602091818
1,414.2631762297172,6.015991168215838,68.87248885797652,5.8083855468277505,1.7219884003043897
1,250.07826458157422,7.588610384743176,32.93452248976125,6.945739027731733,2.0362873458073696
1,293.00544274940887,8.7472895297364,33.40231368207723,7.830571360195574,2.5948095878550452
1,215.01586395957443,4.310844595302683,49.877911959447644,4.243450980531691,0.5547490074835467
0,0.0,3.6127638556701545,30.736754696041537,3.3431221203948254,1.6702159678384074
0,61.425761942816706,8.20001197986449,15.602956509431472,6.974767551179254,2.4423048343881506
0,87.9178591677493,9.96009990814399,15.031222019603778,8.792703289247045,1.3339520714930213
0,0.0,4.241459653518448,27.923480414375913,3.691109126675716,2.9037883597923337
1,356.30510398146123,5.876981553141632,60.62733054439934,5.6508207674451,1.6754311776929316
0,13.110578776839711,5.696776476161743,33.112481233868934,5.166867576466437,2.2533874212365532
1,814.0581736194779,11.533931065505765,70.57942082821177,11.388052374217567,0.6542663386854012
0,3.5193359888984284,5.85477022049084,21.404158703766523,5.017902647250305,2.7092292652160674
0,54.5602385756523,7.825354275359096,30.851048036304704,7.5966755623063085,0.6506141615708156
1,177.52811959289326,9.115799767171955,19.431189079237335,8.186193560176225,1.455771505790981
1,229.52939585134936,8.914135518642105,25.7399550143286,8.20891868254957,1.4869651642954445
0,9.788694037046449,4.503997425140071,56.84031551071206,4.33080377753863,1.573424700981004
1,463.6880143084109,8.114747477841094,57.160629367111916,7.654525507423377,2.342284440691622
0,0.0,3.3147963760428136,71.25223861334248,3.1487049353373666,2.576170156281398
1,203.96667873307223,6.4279519577337485,31.731829579839996,6.0317886050042775,1.4055065967189093
1,288.69496267945505,4.702160837921049,61.456425856622715,4.417815144556627,2.6836920607058294
0,0.0,3.019431073610845,18.02879640612062,2.5716901306229385,2.683998096861136
1,314.8687375744674,5.683049505653254,55.404890853291036,5.583137415024324,0.704312886061476
1,761.9169116596854,9.537462893571888,79.88676073983407,9.27963980020817,1.5532826603106011
1,558.6222706584248,8.320698986387134,67.15341401885729,7.899113641171506,2.455573986117999
1,451.0445361233642,7.051231978896426,63.96716003075554,6.865701172854929,1.2199770480768035
0,21.459708016007276,9.089340102870821,18.57100778380658,8.688392412413108,0.581378323439862
1,155.10551473677828,4.660794347031933,33.33545035047186,4.208213135902381,2.385310539372447
0,0.0,3.7487538064327524,36.68117611538334,3.599396438988187,1.0479722062289123
0,0.1652887893221201,3.2628988968250403,50.57231174666372,3.0089567196034537,2.8555333418097524
0,5.949631913809702,6.6052880694278135,6.14967499317607,5.747129401911216,1.5410524326441601
1,277.5669358909021,5.518579029554527,50.29739774332843,5.353354716372885,1.0854091638303605
0,19.893518071181536,7.440134908823361,14.353955484534573,6.798291387237284,0.9009303318766609
0,0.0,4.8366502817636405,14.231801976368835,4.111071215096447,2.2959631146065185
1,244.74866595941197,4.866196490192896,50.29603848734236,4.614207416060188,1.8775821454442152
0,0.0,1.9062537027951951,5.363985924143323,1.686947625472603,1.5686531927493395
1,425.5625024724455,8.346422212171722,50.98741612326306,8.231706841647627,0.5185817900641552
0,9.50184115853719,7.7723510128371185,16.805352439094847,6.610807653106798,2.8069469139525207
0,0.0,5.0075324509002455,68.51163400921942,4.74049200423757,2.6394710335758798
1,542.6290317488368,7.265925660441752,74.68134581011273,7.074304200990968,1.4143590205334426
1,250.48704839032513,9.011416530573548,27.796651763357936,8.662683171418651,0.774810496477861
1,137.28600342876655,8.511476652520011,15.424155244739733,7.283082651324399,2.029197045123568
1,377.2651887184064,7.495692748050691,50.417120391833265,7.13349749903889,1.7629552422042267
0,0.7176009615020195,4.1271353641723625,26.988331503543858,4.018657720997699,0.5077621539446858
0,0.0,4.107172883457063,15.407091728918743,3.495380654400706,2.6818848009833687
0,4.2955523586946605,3.8197062862051117,24.38406043220281,3.652825761917713,0.7632452129603223
0,0.0,1.4826390018013698,46.388211373918296,1.352259794066681,2.963410160202494
1,617.1572113336983,7.760964101807415,79.52069110462008,7.592919796238535,1.249179175240211
0,0.0,3.4332384001115046,16.740903032851428,2.9684446173627608,1.8651598040507653
1,163.96990958708497,4.755343604803408,34.481190680082534,4.62892580538863,0.6718718591344484
1,418.48249614455887,7.32639041772067,57.119874450962705,7.230622955425579,0.5280014038944012
0,6.859550754191919,5.8076827696750115,14.22656520664382,5.464377230712158,0.599320660414792
1,589.318529133345,8.356509867862497,70.5220885814943,8.27397110672147,0.5102588961907281
1,132.82382871103516,7.042868309480597,18.859291456587695,6.677671891166165,0.692236422610873
1,575.1658218631154,7.925890669368408,72.58476186268281,7.5434523320968205,2.537786979873042
0,0.0,4.709379578271532,55.603441071974444,4.434562520309165,2.342233292824044
0,10.414597309042458,6.442224550426352,22.69227987444734,5.520568281867092,2.8691954295177315
1,377.85252870082917,7.4532366600897015,50.70680979955718,7.126742699247296,1.6045510098108546
0,18.48888378733463,7.3213960970242065,12.992978766736135,6.362716188797029,1.3632124374494847
0,0.0,3.624861269177697,8.883339732808684,3.1563178487002195,2.219825621246252
1,338.3194587738232,6.039946557311087,56.01365104319221,5.964444210072643,0.5098610529662381
1,393.3651805329073,7.476125208888931,52.61940333175208,7.0334880982586805,2.254089668868597
1,142.85446735370255,5.9150731271720165,23.912338249167505,5.14504788932,2.4964883786189667
0,0.0,3.901736397855688,26.30899361868839,3.669331512475876,1.133622817962022
1,475.86222300991386,6.778547957487177,70.201203265709,6.7234076934651545,0.4123647126170584
0,0.13196479390485985,5.1601206606660694,13.677800872787163,4.618078405347366,1.0575676765849418
0,0.0,4.656616403494175,37.75934798198476,4.1657746955805015,2.9555054782848904
1,629.7711290702174,9.50597188811712,66.27712544508418,9.12757282102926,1.895515813696207
0,0.0,2.8414916252029996,49.47160737992985,2.6262214841001557,2.717535950901936
1,300.801543859116,4.470177392795805,67.29073981356794,4.424871045853363,0.4887464200010514
0,0.0,3.732533435827418,7.425146949598265,3.4272305443750044,2.988587319810785
1,539.3393312129034,9.836804446598997,54.828839932255974,9.534245325128387,1.2093446755054196
1,434.6164476289796,6.607739341393525,65.7744383432098,6.4302728544673435,1.2826247005593143
0,26.57217161999239,4.98767557970111,38.09602627532954,4.548981318714676,2.4360018685962648
0,0.0,2.8746019957746567,69.47440385495035,2.728114539952423,2.5456512228661152
0,52.23755755085627,6.3108760499135155,25.587512426877566,5.698644334925783,1.8323648869013294
1,472.5876365308181,8.053601652990139,58.680284536835536,7.880946742833185,0.9006648853702196
1,383.26286576359774,5.489740008492904,69.81439289038042,5.415464645292889,0.6688419104359982
1,314.8185168645791,8.181205266252942,38.64867678635493,7.339189063108978,2.93858121537314
1,392.56731861546456,5.502396947093645,71.34478344828453,5.45906819612765,0.40336327616344714
1,345.17515770174094,6.152996178368632,56.0987692687253,5.903717616255752,1.6390281361689492
1,336.46833130503484,5.735786860468404,58.787677932727114,5.398301197523731,2.5077569456810282
0,31.149873561882202,6.7778996406961305,20.882165995630814,6.171605570348843,1.3703930641965365
0,26.594596730690093,6.628796885751973,18.20945251637891,5.658407127658408,2.500538017971859
0,0.0,2.569965321850137,13.144161486504082,2.3459280512303167,0.8311246223710984
0,17.647738835350456,5.6646669963145495,25.692778242886458,5.139005175515324,1.738491323250452
1,452.8590477938094,5.670652003186572,79.86110676921014,5.501852645255582,1.7185810676000415
0,0.0,2.033560713006066,42.25817501697999,1.9312103372895526,1.5369120834971888
1,561.9220675383697,7.77918035398937,72.23409690633287,7.6788503893973985,0.6839755224195252
0,0.0,2.940695772204809,54.98371670010368,2.7450131615947155,2.636359123230679
1,378.6412127689691,6.641638599942759,57.010413139865705,6.451489622109704,1.1809039897914837
0,0.0,4.852108407250967,46.905601680603695,4.622141162201779,1.605493056144756
0,0.6163215987075563,4.631984290565412,21.288108805798977,3.9777766681278264,2.5988820925118383
1,132.3092549288993,8.766901862911714,14.554431193837434,7.519845669077761,1.8192681388007932
0,0.0,3.61177635489662,7.240267564127672,3.089569297652743,1.4668719682808171
0,47.055369501660735,7.524591495449745,26.59589227305111,6.862485853915859,1.700991545522252
0,9.614176453137693,7.561516294258364,16.440832044483926,6.584011988186095,1.688330797384543
1,467.5736150423039,6.5096170319089115,71.8282237543646,6.273176141849029,1.8913764082443176
1,313.760061144347,6.45240336082772,48.62686677035087,6.185179050612401,1.4450406597241785
0,0.0,3.62183500563542,43.67052357591163,3.3452652402696295,2.418781815431539
0,0.0,1.739110017013978,7.305315673980552,1.5961013665926842,2.9396147452840875
0,0.0,4.5472694124476005,28.285168670422905,4.25729549020309,1.312956334101263
1,505.48581486102955,6.595924069757691,77.07369782179768,6.248167484734529,2.9229403951176494
0,0.0,4.01057541097451,65.90486871051448,3.8881995522145587,1.452279916866721
1,227.9263586138133,6.918160069963804,33.15023380641517,6.188655014704626,2.5931922476319076
0,0.0,3.806907014646375,20.019610566892595,3.2475515589651023,2.805584492317703
0,2.062827419792524,4.1188791803671405,55.29346061813423,3.910645656795368,2.0144271169149346
0,0.0,3.560945503177924,60.77879931279173,3.5269990646543303,0.4104814970854316
1,321.50083817389833,6.923529758056388,46.44347424197429,6.580590311609548,1.6573834838541908
1,166.8153059496501,4.797233891777746,34.780491746537756,4.565692486765177,1.2045906996625457
0,20.60598208333854,6.493051606967537,15.550218868247022,5.98462746248589,0.8814182962560888
1,311.3124556020189,7.629353499450111,40.80457122240729,7.452250903814156,0.6848919521598154
0,0.0,3.1885200090408894,74.8293599697286,3.091148206435433,1.6583253263040736
0,7.381032597401947,4.273461150803497,31.039955425281562,4.091322752390385,0.9510194754474289
1,343.8493563238619,5.955211905277237,57.74893662393634,5.707511575037714,1.7323527983727773
1,444.7490993354841,7.875187951465423,56.47472823207029,7.764075653106135,0.5659068425265961
1,586.7106957328097,8.379458569273064,70.01773335832848,8.217599960688158,0.9644032818532118
1,311.51983744954225,5.6483542814339485,55.15239150144406,5.4302444761499995,1.5203643102590383
1,470.97923310848535,7.031543319716095,66.9813176065796,6.767131583412756,1.8106641692018295
1,302.3442331903881,6.08349350091135,49.71069861657614,5.87327893298411,1.2426774946090067
0,69.3634235374527,8.427868924341997,19.435979084664833,7.316998008200673,2.0859409929727426
1,323.6869989192372,8.3841229756082,38.80140533103379,7.687584906511802,2.3385232640538436
0,0.0,5.6524603656169745,55.803132993612756,5.432368197993122,1.5517394023997246
1,468.1936702201807,8.61405538345211,54.34579209136619,7.975515103495408,2.9111024150604696
1,605.0577924756599,10.059588242592492,60.1976499891305,9.708503051713809,1.514732070941046
0,0.0,4.386569074770367,46.103599640951984,4.115250674313418,2.043088928568869
1,432.64493617620917,5.520781160660832,78.36661580775737,5.481984624208094,0.4031655937108446
1,619.7799273501896,9.875713533806557,62.75798971658138,9.780627923851481,0.43870909372433825
1,326.028316341805,6.883637909473122,47.3627928589639,6.683627085440881,0.9970639760498161
0,3.1709581938730986,4.4601205536388155,6.45643451327842,4.128014741268438,2.804703736350191
1,384.72266540488704,8.682798079693365,44.30903633703865,8.147163242998243,1.9753967019924477
0,0.0,2.566645596957347,47.49994294275234,2.353274190333396,2.864154709555366
0,0.0,1.9166180835098037,51.25168428205485,1.8507436690757817,1.2712166721037823
1,308.5422070661395,9.57056162363794,32.236486307689034,8.929511819458106,1.5704598073257547
0,0.0,4.148022551072492,70.90898800231682,3.9678907112577972,2.2077237439788213
1,215.6671873464376,6.006747392326213,35.90406786551998,5.687712848125856,1.377026631131886
0,0.0,3.778561269007428,18.93870457112192,3.2602851091131257,2.1649242487055314
0,2.370982321677913,4.0574004540175554,31.719503874136876,3.621963920779562,2.5402809058729994
0,4.5230058934381,5.18353626853418,25.82503369212035,4.520577422146717,2.624895227916369
1,446.3210247548587,6.543507470147061,68.20822422704282,6.4379763837478965,0.796370674204256
1,308.44282615070347,6.0543524654914025,51.07036473397255,5.708421384178417,2.1118090961901412
0,11.47071506498367,6.350099060027918,6.116962657796877,5.402114396601623,0.8654978550929273
1,223.86629138666575,3.9644624600116956,56.53841214408985,3.7712451278762673,1.9839750651859585
1,336.2714039245295,4.628646172436988,72.65005606325752,4.590445942323987,0.43253156548806027
1,486.9366497432349,6.698310514100586,72.70046088490206,6.548396801734694,1.1738039896469117
0,9.580306048504337,5.491775864320708,29.337219581916617,4.8490425411281,2.626747428498195
1,253.78763068101247,9.264990353632985,27.39213980190398,8.870663231351493,0.8383647689992291
0,0.0,4.463344129353042,35.30406680307027,4.274088323265717,1.0812134840773036
0,0.0,3.9118830443607173,13.714558838298695,3.47292494810141,1.1621227989755665
0,17.24427093962634,7.008598002537542,9.93171519921897,5.989454179745516,1.305362711984266
0,12.425825945234648,5.792028428579187,26.391279493375308,5.6036515886949525,0.6330139819498781
1,139.28073299710655,6.90788912528767,20.162566051044287,6.658647329156984,0.5289375856840155
0,80.50704466956923,9.306795759597794,14.16933958765501,7.9222071149768665,2.4529781945932836
0,0.0,3.9620482590826733,39.75298725044649,3.829689863065337,0.9589024800306626
0,0.0,4.714105571806538,45.41181068245834,4.4670180100922545,1.7209050508541517
1,284.53478255182705,5.218251055101685,54.52685107671918,5.022507425790565,1.467712334521972
1,302.26791363871786,7.790418016101656,38.766782528884036,7.092824921762889,2.5172924330606152
0,0.0,3.9583513360836196,5.920274167749795,3.571539234042725,2.074391914215259
0,0.0,2.867365088938814,16.26575724534502,2.445117946356519,2.303618666444196
1,425.8525767731459,6.553373079149568,64.98801119542534,6.237278519434776,2.2573077523856457
0,2.1961794328521966,4.724714675163836,21.317170327001772,4.3347239485866975,1.281309981660752
1,476.32332026098885,6.4447985832125365,73.90817813837494,6.393551433502168,0.42685219066731767
1,516.7076403380593,8.498389877226,60.80065139430032,8.405775718617546,0.47825258530719655
0,9.96622270363467,6.774152862867978,25.66134763308056,6.062563290226721,1.985103010950572
1,410.86809002586904,5.7624811672582235,71.4422737601657,5.512236837169456,2.251887284387417
1,359.73589686251773,7.763570348395684,46.32790398239797,7.1555557611260845,2.6350719118896966
1,262.8253651437286,7.725095919657991,34.00640306602578,6.877069014371662,2.7937643207009706
0,40.579805682256094,6.9911857488511036,18.16835095211564,5.941543941847382,2.9053774922375193
1,371.0004513220517,5.211175527606018,71.19359861374467,5.089553711186169,1.1963572539857543
1,349.67275603135397,4.707860922814588,74.27423234549079,4.641363344650001,0.7477334350103848
1,382.1975103289118,6.391667684958641,59.79742244928386,6.18706673296321,1.379894600797579
1,346.87737793930296,8.146336654658619,42.58137351474439,7.75299425249024,1.4770807500301966
1,294.79729247070213,5.2668400913207645,56.02332676350782,5.06326107076228,1.5698178013167308
0,0.23749970648194652,3.091208027898515,27.58887823393085,2.7221396791567334,2.519313377630762
0,0.0,4.530578786109855,20.88178743370461,3.901881821598865,2.475328030790766
0,0.0,4.679786978829187,38.95825825929319,4.353244329085357,1.9660908701528932
0,4.407263556302643,4.616167344821329,43.56786828461959,4.218537246300107,2.7322475115352827
1,389.69485859628753,5.882478190229484,66.49112540995424,5.552963735086983,2.7002832079248438
1,243.1194362376714,8.13277745646201,29.85902669823207,7.379203381790346,2.006671781214348
0,0.1546464510389667,4.662946009279394,10.212875435858313,4.094184315977338,2.78838764292612
1,267.55373422472985,7.373170737918185,36.28747301777199,7.160468348326245,0.7508649707796828
1,223.12414450012383,7.465710963826681,29.811791109248244,6.69116960535973,2.292083476761275
1,485.2802668311599,8.01914373690854,60.515222848718054,7.860316510999082,0.8698674506527151
1,180.82390599807945,4.636024539189801,39.00411610938075,4.50904385437524,0.7720826781297219
1,480.934623944124,7.45477678298026,64.51367549564128,7.158250910841044,1.8390052264242094
1,427.99639469461874,6.482230521481907,66.02836806995275,6.27616942774055,1.5236495391685927
1,421.8460460018391,8.248107720921386,51.144295149721735,7.784380597873437,2.072665921722487
0,1.1807589835118402,4.176983632883052,6.9593774889808016,3.565274526061873,1.3243846530810028
1,232.2543236592792,8.007049107098402,29.05798234229028,7.128104857082716,2.38799706370228
0,5.767408865097317,5.614602658099059,17.98633530146042,5.272775700304846,0.7858745883939422
1,387.26365055961236,7.165168120033836,54.04965722622809,6.798634788731181,1.994451606531877
0,51.27234148236079,7.632841668174122,15.305292233565405,6.496148291424899,2.3094000166975333
1,173.06388192909776,6.911116967792157,24.853353975568204,6.070015440009531,2.3363780059990424
1,387.1245079304203,7.358067177597546,52.61713579477805,6.879687174856541,2.4747331807458086
1,481.60899918877675,6.02350638325916,79.95601424737507,5.791840721564019,2.2202492747459166
1,588.027805363635,7.802849153387303,75.36532077285977,7.655651385558691,1.0309059201019606
1,442.8572615033705,6.484673073199242,68.29292452526262,6.349184869597972,1.026848372599357
1,254.5608461231156,4.71208830437266,54.02341301033636,4.451555641171258,2.162426253036043
1,414.6721169514715,6.370991570800213,65.08753297475897,6.214468906705028,1.1492373316667848
0,4.5245488773009015,5.100613539758135,17.88405157896612,4.6798667128048494,1.080410834441163
1,374.2178118849083,5.759255248330843,64.99334145254016,5.4892294497881675,2.195986904852607
1,174.43410260536254,4.92057502105418,35.44994829123819,4.7870376276580755,0.6939505279145317
1,426.5207805420275,5.524467084014283,77.20661826425928,5.4497478871982254,0.7555515832260877
1,368.1159250307187,7.642081187497443,48.21201906316163,7.266065925879381,1.698850705497477
1,638.5791629236617,8.791930415822879,72.63744207246027,8.446885056118154,2.0687820695237322
0,3.3727128924581593,6.374677777948038,24.65015653531566,5.51264495567218,2.7479625950103985
1,527.6821537725417,7.32692141961078,72.01963681179163,7.250770662655352,0.5468823679870014
0,2.4774114447224136,4.709205810368435,8.587171132992594,4.372113258668741,0.44016853820494944
1,548.3009605195931,7.481348494054279,73.28915299042481,7.3072152877019185,1.2268020962151343
1,733.2841382625722,9.218991082980114,79.54301898759502,8.823145069506255,2.4614293184080713
1,431.53728221068235,9.264808642733223,46.57812243285637,8.850050383021763,1.4969619548157604
0,4.68145944443497,3.7246467046953176,32.94515765900496,3.3039802161819716,2.8181604372960205
1,298.75831324157906,5.196392660314825,57.494886998873895,5.026498282460489,1.3542713836227893
0,0.24073037003709394,3.5194501203132793,8.534983203487464,3.111777349707392,2.4992193370851052
1,473.43467461979344,6.018064335601741,78.67057424281748,5.805325250567491,2.012978906572374
1,558.0157689005638,7.538885349337094,74.03481095867366,7.204124062118476,2.366447501639292
0,0.0,2.978165967785486,18.55003730501881,2.586015538586805,1.9698848339783286
0,0.0,2.1153563217720097,8.020566321928726,1.8912271033894534,2.564867943426146
1,199.39816585404134,8.040997279161775,24.797683102262685,7.6844783606006635,0.7923585113124403
1,370.4927360513038,6.794153622145608,54.531111501335474,6.652581223556345,0.8303849012647431
1,290.0026464153294,4.824262218585517,60.11407580232716,4.67174830383005,1.3756550379335521
1,185.4823497700073,7.0043830477877265,26.487767580795165,6.561690922032977,1.2043563432709523
1,136.67326439631898,3.236716213861185,42.225902849010694,3.173493553436313,0.5866014592154709
0,0.0,4.474403788676565,41.113905170182896,4.396880771190942,0.5187377197213957
0,0.0,4.754946164992221,8.763828649317617,4.04850712401116,1.531024581533388
1,443.27834522031077,5.662810455762185,78.40879449684549,5.453387016038728,2.0946564147318174
0,1.6022958072188958,3.9841560641885945,35.726129522096514,3.9138850977638837,0.463642862868726
0,18.93095285412537,4.822235644192506,28.135711477586387,4.692197425262807,0.5424054512868779
0,6.239170612395262,4.994505697069549,35.51782426795245,4.785999023684619,1.0755051273507894
1,678.0368288452995,8.592588092750688,78.91226488509672,8.292872682117151,1.9896188789028315
0,0.6850417380352158,4.387286374213923,31.704226936829386,3.9659237400280234,2.2316769133871497
1,233.1884674063095,5.5132384373230785,42.29620509668808,5.203520863593846,1.713034252000396
1,311.8506200011115,5.575297281932093,55.93448753699086,5.312777948998935,1.8948032001090436
1,492.1735662978951,7.23210907785203,68.05508571497091,6.954330709243646,1.8872489020797505
0,15.124017118306377,5.985222559395449,26.861949168303305,5.3248622255340585,2.2229950935508795
1,391.61382033014996,4.985206188577069,78.5553778710013,4.891027019764514,1.0724097362814307
1,476.5325170175839,7.519083163374657,63.40459438603851,7.0584332278710376,2.8045356092740548
0,6.625642711886328,6.1512787244270495,7.209524882413241,5.237737975079862,1.3680065173565756
0,0.0,5.020435190312188,73.72403682693249,4.8637156486739865,1.6513204655788987
1,108.33188453255872,6.155232287971717,14.991710278489663,5.266164860268792,2.9730890141757995
1,127.43286510862231,4.91735501466486,25.914829250294652,4.617301357359402,1.1298850722976554
1,195.2801237183268,4.510772993860123,43.29171354046167,4.2594133468178486,1.7377700186356648
0,6.849463916997968,5.452649369046975,6.1946844052654715,4.6506419769153124,1.1788226572323284
1,391.17886443563685,4.954266318210691,78.95831479343572,4.835017196352238,1.373801518797673
1,377.9187958138515,5.703351614008684,66.26413725060499,5.362182871549232,2.8487212833544264
0,26.81224164268688,6.239648215213699,34.43249986884254,6.06974039223249,0.6874029017986935
1,356.2066723428882,6.664061691830943,53.45441964442091,6.435388669399718,1.3246055671898478
1,454.68738510658545,6.22336331400497,73.1188108979498,5.95631813714785,2.2529753399655457
0,10.98813647111454,6.590033600954156,31.581232589547945,6.018010593852819,1.9865237019583075
1,334.7672485011692,5.353690527486945,62.533081378592016,5.07731016114757,2.339499695689692
0,0.225842941232051,3.5721517011096973,7.378925217586694,3.094166245114477,1.739723369770493
1,413.55238085032573,6.544380377982172,63.207263843471075,6.3540047060128,1.3288291892640567
1,290.53594133991203,7.2224625416375465,40.23260837529095,6.693604345950974,2.12387620587087
1,304.6305409990535,5.401213739679055,56.400386224515984,5.303221237897394,0.7383050586376447
0,12.742259051395841,7.076950701949802,6.24460453088564,6.125310292201554,1.4823406471690097
0,3.874145032252368,5.880748684861628,26.567736081514397,5.245681954441926,2.1441537830973036
0,0.3031400212216487,3.821660247955285,6.085371562361633,3.5296243477122498,2.60442294372214
0,0.0,3.369892930327701,29.2530990392277,3.023065283980825,2.2255631631650132
0,70.19060591184413,8.721502166114103,25.815715696614284,8.242095501163204,1.028801330795676
1,447.4970087723903,6.229227104037922,71.83865277824796,6.065224637973205,1.3604687185406577
0,3.0438922133114814,4.833155855799193,9.420838903792964,4.1437664991288115,1.9464389286220247
1,305.549554315151,5.82820058083286,52.43066762222378,5.4215326623751325,2.652072765812298
0,36.01851121192621,7.6039630841454535,18.87847696949408,7.059476088793028,0.9699887281070866
1,292.893253135644,4.435665367441111,66.03410707610894,4.33249389763827,1.119639472660237
1,230.55805933044314,7.650249947055101,30.12978020212983,7.006592120476825,1.8490459217450104
0,31.085734815699112,7.010673122235463,21.141693829559202,6.111932630692184,2.143597215368815
1,113.58204714971356,4.543943068674694,24.700355068402956,3.966752475999173,2.4729019653700988
1,423.91841562461485,6.369780069605582,66.55149957961825,6.2839358257750995,0.6475472092315675
0,9.23959910243292,4.708300504158066,6.511892382702957,4.3463651634632985,2.7878592819668713
1,547.4840320397967,7.35440502223047,74.44302277075163,7.193273750847709,1.1740821019270284
0,0.0,5.069169699533607,27.898970293807288,4.9407900418733695,0.5093789750480803
1,257.370969811873,4.213563642369186,61.10109279227215,3.9905501287515626,2.33332501626178
1,293.5487666184334,6.698723002173196,43.7983181448044,6.133422482508518,2.6821283365231645
1,242.78956014718696,6.207792890155504,39.11044785856332,6.112359904889149,0.43740649873605986
0,0.0,4.4524171930547425,77.13773403543564,4.276544430680171,2.1938666631146657
1,367.1132896991148,6.080487586599332,60.377028181415795,5.726803150755753,2.52655322083753
1,207.8077793420531,5.641502878072029,36.90204756438799,5.246607032849604,1.8664611062774212
0,7.270324954999568,5.395416532137305,16.36996047211678,4.688286800124138,1.7344015135518531
0,32.01806122206904,6.505270019710407,22.610950044839477,5.593266247402017,2.728073195398565
0,0.0,1.2345683906973937,69.51414719541351,1.1935242146856326,1.6718415415754388
0,17.95965015948732,8.995876984971023,17.895258318246213,7.662738887918472,2.584300097476213
0,7.804230331263349,6.744822208306296,20.30858436591405,6.051274956872399,1.5456365881638625
1,234.9138005034325,4.788661449601529,49.05688790730957,4.587595822474865,1.4881015907985402
1,504.7187874229014,7.798005755574217,64.72413522145047,7.492162584387635,1.8391809378386599
1,248.43554662141042,8.188156274761724,30.337277983114806,7.604966764385353,1.5570931208574703
1,208.95166643166513,6.893918135465938,30.323027626124677,6.42802803774263,1.4869110986289193
1,557.4869637568306,7.347662315171688,75.87269798802151,7.246599301706781,0.7432168020560805
0,40.62401634093227,6.92296723540612,25.348060191926187,6.509956475186625,1.0904992581552535
0,0.0,3.668568159932264,21.181835433835392,3.1290712926433843,2.997010456782142
1,324.83216818311394,8.602321342876495,37.7506514987262,7.925790254894834,2.14949243038894
0,7.533324767087219,4.84100886549443,14.619265468794765,4.2446336302082575,1.3848941112469744
0,0.32677928532101375,5.114629185257304,7.459240445963161,4.443635450423344,1.8338929363801695
0,28.15939317480678,8.237595891642355,19.616975989577945,7.439062756206205,1.3997759196748714
1,527.4779545275721,6.8855245274456,76.60679334233039,6.826110545325374,0.47928345835331143
1,356.17001965127866,6.2893851089427555,56.63034040400028,6.21964759839392,0.4460501479452622
0,20.030246346753575,7.179000289942607,13.19834654499769,6.59700795117467,0.7748599296086154
0,0.0,5.629337925220833,17.535984184771735,5.133688420235643,1.118689999502935
1,599.0515245160225,7.5505022519611975,79.79345348721067,7.171109769949752,2.8901675942108835
0,14.231341596969433,4.202025867861069,47.86175366923488,4.137242781054584,0.5363724243821308
0,0.0,3.7589204912920766,44.51438402884052,3.531068850182761,1.9516458025206953
0,0.0,3.690209083349801,10.841676934398032,3.1754312878222417,2.3964147238256244
1,189.96687310158518,4.053836236815969,46.86464729026413,3.8497053801473142,1.6908690836350484
0,4.188058247448742,4.590190758286759,36.20833450305664,4.08905396454567,2.937733464471012
1,197.5439433605946,6.945795664435022,28.173525558575275,6.088836712668128,2.688388062688443
0,32.665381124496975,6.097556481188371,32.68529272234812,5.474815069775719,2.4586533462158253
1,371.2184550488487,5.023677014680497,73.89514154428156,4.798707172908562,2.385466718535882
1,357.6716784612568,9.345255762173002,38.278123138769374,8.705129835020228,1.8865581914397622
1,293.295685365896,4.464795438102839,65.69073347917328,4.374829310978227,0.9516226659223302
1,376.37172888474726,5.054042510827615,74.4694952884732,4.95185741411246,1.0928701290996454
1,476.040381882725,6.511427144914293,73.15553470756238,6.277802880071969,1.8952282493267432
1,304.0308053901248,4.437790593382146,68.50956457379093,4.325756946931117,1.2508884603361161
0,0.0,4.424564221429864,20.78175394771079,3.8031652792457913,2.4981100811505055
1,262.1754838423341,3.5464576971630972,73.93098123501466,3.38012697592272,2.5113633040211183
1,372.34585558099053,5.164686584583334,72.13492618637977,4.889185468270035,2.771051346539306
1,304.51013850069444,5.602295604976137,54.354529474306204,5.457190904790395,1.0171198580081995
1,443.40599037291366,6.033586178593197,73.49375579164227,5.784098756958497,2.190092618909272
0,0.0,1.3179838431416107,27.400994687655952,1.1793209597799912,2.138014005649464
0,0.0,3.377304924903797,14.799041616173671,3.177857967932942,0.6302912115730541
1,351.18297582520967,6.757491988271413,51.969425409323,6.586641876947225,0.93732105551242
1,193.52023134806495,5.737442622858651,33.71893129498444,5.27473727707984,1.9761169988351805
0,0.0,3.770722772066204,52.77110945239636,3.651795099408396,1.2077480269754295
0,0.0,0.5020924853159405,64.09997164397345,0.49483642983043397,0.6682531877952813
1,289.277278656897,4.042213606064842,71.56408682478329,3.956506677764411,1.099391641427043
1,344.17465667034696,6.554300199990024,52.52445832489113,6.162623640379973,2.2566789430040473
0,8.27091527793063,7.005235136496292,10.760261264340702,6.5260369479768725,0.5347481099054312
0,21.603059848802378,8.772277122647449,13.592103052974261,7.554117637827941,1.5950700625168497
0,16.203480488449923,6.625322297861366,14.663353643685772,5.7534184547663605,1.5623872765469682
1,342.53143711083334,7.18883861008063,47.64767380668153,7.003859665007965,0.8836396266548058
0,21.85099536075356,4.56135809459583,21.145471750936323,3.888052780540647,2.9915263968368264
0,2.1813362020819085,5.289116823829282,34.489857975101884,4.885314363597004,1.90162002564538
1,434.00857213958943,5.9126872594538185,73.40293383639141,5.846474517554114,0.5939909232967591
1,362.8317694349414,5.3442340776258845,67.8923101340261,5.199927195823231,1.31975932265152
0,38.946867502853664,7.428814122620325,35.52120981268982,6.821079457151639,2.113095795161005
0,0.0,3.2309802323282497,51.737325227457305,3.093866121507133,1.5796111156177677
1,336.3338965801912,5.081575513228698,66.20626592439376,4.834246780307291,2.3265627486909626
0,2.656251946317373,5.221092340950501,7.946975723659534,4.440066269077238,1.3389250880512669
0,1.0904872601363915,3.710387049486815,36.90955463668277,3.60304115507564,0.7735697631345291
0,0.0,3.954482984819181,30.18777322289828,3.5816043985256707,2.093443898443924
1,320.9879280775087,8.474425871693706,37.87724602791947,8.120692118127842,1.1494893091462728
0,0.0,2.3671061493025065,9.11118562920661,2.1166970104940477,2.9258111937727938
1,335.15685844676784,4.829019093410718,69.49675788116475,4.6425434578952025,1.934756013692939
1,560.857587068446,7.621843945186266,73.62129564892177,7.317860584999451,2.1085244444298747
1,316.39701004308483,9.068868471179949,34.888256572258705,8.840910357278535,0.628601180431404
0,6.267526793482695,5.1783417748048866,12.329498005982945,4.409083453055567,2.1198720840160887
1,393.447868042144,5.502393125107041,71.50632266528186,5.2541729729250655,2.3125481277223034
1,433.8022938999561,5.519086230012636,78.62981681339033,5.23918585076111,2.886313976105851
0,34.64874099872731,5.248565165619709,52.77972236557959,5.185863414206012,0.4476991917588376
0,3.2133325100510177,5.534668886996911,15.625426177491342,4.993320208756149,1.1300093137278364
1,543.1628702027734,7.824125979052464,69.42275040089959,7.471301002652692,2.249310738298887
1,423.67438740515536,7.19575903176355,58.87947669719042,6.768856065057738,2.5298456209030347
0,17.45898913977269,6.883615862383681,12.015529243629388,6.5149713295763005,0.4692258146050329
0,16.667246200680204,6.683217034862765,5.856111069809888,5.723336123211081,1.1939846636827962
0,0.0,4.332541790741757,78.41772629912623,4.19392966648254,1.8157267959792658
1,672.0263743599099,9.81454047551258,68.47252570782447,9.599995570743918,1.0702297361457596
1,312.08825297892446,6.490429562610401,48.089154718113775,6.232531968939101,1.374793505016068
1,384.72511487354757,6.251354987001338,61.542676564664,6.063808142103277,1.3293677560615589
1,306.62447127456045,5.044726688727297,60.78118601747613,4.985641367979832,0.5244887369905281
0,0.0,3.569169771280971,46.25020678131814,3.3798300791055604,1.77003897477538
0,0.0,3.2459235280862293,7.685018590834858,2.929075631621558,2.6818284658136644
0,0.0,1.5593037738813351,13.881229727722673,1.3406258780425397,1.6585409900889752
1,550.2448004513752,7.707406069142741,71.39426752650678,7.285427034436996,2.818094140274476
0,0.0,2.306848176158906,56.13112569753129,2.2772016724987725,0.5137066204393229
0,2.352727229336028,3.7459490909049618,55.67501589715105,3.653467675385021,1.0000958831416251
1,281.94555211588994,4.781402966363945,58.96743645821729,4.584495255091592,1.7574997516684312
0,35.40036678936015,6.9337699568822755,25.84350687527202,6.62940083344083,0.8161530242417552
1,455.7821764391892,6.638618354879706,68.65630781817072,6.36691379029036,2.0290606612328292
1,221.48758266326524,7.6433020162014165,28.915080834968407,6.796178212790649,2.3891732468197535
1,531.029141338919,7.491340732646057,70.88668726599526,7.232597260517029,1.7616569417012182
0,13.278203575486476,5.86466630010666,29.713923050005473,5.502660730046486,1.328003874621984
0,0.0,4.177446167398869,31.65841771163597,3.956823491596929,1.2088739102877692
1,453.09329099086955,5.913420276964305,76.62123306135706,5.745193715514447,1.5795740956430078
1,468.7020997934718,8.377307361606327,55.96057296391302,7.885969102573561,2.3714997631033063
1,148.86704089577432,7.883068344773944,18.316136621666306,6.783156594773289,2.190474929747897
1,348.61664574283145,5.543047864379108,62.89310396926859,5.2242452050368655,2.607558504332353
0,27.005817594075406,6.836553130638511,26.148847585899354,6.177828847351955,1.845708693777158
1,314.4287631900854,5.114046214442134,61.5014981526698,4.818265207023134,2.566859090598787
0,4.543652536012518,6.1347640167616815,12.639022020246003,5.2639418520927475,1.5597697226689884
0,3.263134721425958,5.358232719786498,8.343539261730538,4.601454604411231,1.0173198237651238
1,481.1110328173327,6.862821283659523,70.10460920065191,6.741014836236184,0.8991938802558368
0,0.0,2.5782772488265624,76.43731960334898,2.4393661164847544,2.9668855489295245
0,0.0,3.898302882488024,31.59667433588413,3.7371736751904363,0.9410141531260302
1,336.22041806575396,5.638597931755415,59.66757900660441,5.396589791563663,1.8366293310033983
1,518.0656915021774,6.966838797618078,74.3650777942615,6.722127501223826,1.8892804913378383
1,409.55550828276864,5.414587376098348,75.6629252615505,5.204519732667764,2.1051438629607375
0,9.287295642943638,5.558677741178187,43.182603990624195,5.279106897335664,1.5610810556133945
0,0.0,2.03963879304289,20.12026316721133,1.8754461947317933,1.1640728185107923
1,372.0804357227785,5.667426628012277,65.65244868978326,5.5446715974717975,1.0266478155645815
0,0.0,3.8211806435950093,68.4338547894275,3.6003644344543058,2.8480606535782735
1,275.8524251071209,6.536480839329117,42.20198183826781,6.3832573532763925,0.7142879970521276
0,1.3028956425863107,5.269444713926341,13.993156833959763,4.575198810121255,1.4840490668415458
0,17.935879714686763,7.517591566413366,27.99500020279709,6.560791814141663,2.8089596489870075
0,0.0,4.119269552759178,72.67231356748134,4.054198550425585,0.8184123291246277
0,16.0000247686805,6.4262704516153,8.409382060742296,5.471470889832979,1.4805858909195746
0,16.09864094641234,4.231981908412976,41.9896428883911,4.130517684811863,0.7226426829272166
1,328.0815149571568,7.717376963373374,42.512049950939264,7.592046140134008,0.5022677020863301
0,7.040076402215819,4.782185961787982,68.58531324060719,4.635615831417618,1.5113710644102927
0,29.97978047002555,7.709258672892842,15.5342715265685,6.553730621258975,2.4677516641988766
0,0.0,3.4591150035809255,8.776110082276919,2.952358720539863,1.7178718104023414
0,14.33429413417052,4.775445945125332,7.3836526235067605,4.3198419276018845,2.631805965658026
0,0.0,4.869736050554774,71.84965401595815,4.785234646276876,0.8991900914757749
0,10.059173581620378,5.856603163390228,19.01950667203819,5.4372882665353055,0.9900394212496565
0,0.9551255518393738,3.9939039147061175,30.596399816531388,3.6655639258747392,1.8224912182593425
1,378.8385417679505,5.477132045459194,69.16735356069573,5.318951381438016,1.446853971811529
1,275.8940816575347,7.231430746936042,38.15207409368361,7.056160977279981,0.6677906187901934
0,0.0,5.0554834531920445,22.05115935254399,4.510321074743633,1.771832263322723
0,26.792251727055174,6.801430375386429,20.071446164713507,5.868543721170701,2.314544083722868
0,13.251811485147513,6.986746559573104,11.239947357880217,6.071551558541958,1.1780614228489774
0,0.0,2.6355040975642954,51.23796739450371,2.4626384403058093,2.4222723332678364
0,14.992229312212158,5.84161688944127,19.821774322836106,4.976719111898612,2.8976540961196546
0,0.0,3.3530349933537553,66.59486833916935,3.2368495702037765,1.6628494001008378
0,22.583748454926052,5.040773976318732,37.088692683857545,4.548085168218535,2.656521671630086
0,10.255093314579884,4.413040582540035,43.26767606216252,4.05465946469266,2.5518934024927504
1,358.72793039931906,5.683229351701553,63.12092408311449,5.46415091654989,1.7455034096130935
0,33.615828376965666,7.3321080428026875,26.67785039551289,6.7774385002119555,1.4526858686663267
1,385.8547731931388,8.863745637733164,43.50238965328214,8.077866268710705,2.807662346582315
0,0.0,2.3045924552924864,76.12357560067397,2.255910172014865,1.150829820668306
1,625.9393099267221,8.035625437938116,77.89830324463279,7.781389762649908,1.7772649162568501
0,28.992757163804363,7.344462832344095,26.000352348610058,6.743967232452704,1.5410251535550423
1,462.8931308503733,9.676115126789822,47.844446652636066,9.252509790247899,1.509071221293301
0,0.0,5.289840318130727,49.130542377721035,5.153129306818609,0.9092830779738722
0,16.47973036186159,6.437600081374204,9.068946120265004,5.496121719452674,1.725592900546319
1,430.62293818270683,7.784753156984999,55.31438835718553,7.260078888950069,2.696326730261632
0,19.060243508254892,5.098211184030614,13.24022570288435,4.336829247404267,2.008153977160145
0,0.0,4.816590301956257,27.648653593616036,4.20905095510346,2.737466442399015
1,386.2672044961566,6.753492098438604,57.203136566575786,6.301190119660238,2.7670207310106814
0,23.1376934471164,8.576279197073607,29.990531859837382,7.9793494619438965,1.5047255697253101
1,591.9372379300811,9.744163390311794,60.74853522011495,9.539561528558314,0.9196059111197274
1,245.0043602822886,4.979712098680174,49.19945381064227,4.585047794794999,2.8233021959573206
1,372.3564416667267,5.634421777015719,66.13700667604759,5.430633262780335,1.7211882009527866
1,219.16101157794967,5.373063074450644,40.73707265343829,4.872043041651962,2.7865786475268846
0,6.238657160361353,5.37232192056889,9.511402484404366,4.590695101877249,1.858575426400098
0,0.0,3.7701595521566764,23.93318723677628,3.391503432672049,1.764275792908638
0,13.56474094781447,6.022354221218891,11.475912245356835,5.231820650657984,2.8464454658136207
1,417.99630091789004,6.703554600605926,62.35442706966959,6.589584635774847,0.766288665998947
0,12.092225636924498,5.538711556830922,25.484701829375446,5.177458277471118,1.1950432280417538
1,710.2602937125645,9.766286859983671,72.72578583565593,9.441447030351863,1.7535925912582502
0,15.871916135716715,5.641175069052866,14.254233846343247,4.800806206457622,2.4868141308762723
0,0.0,3.847476022376796,47.21447869459596,3.5607913370094555,2.53247980960665
0,1.3206284926267593,4.814477339923451,16.127929084137353,4.191295791574624,1.653542677739476
0,0.0,1.5887278646399043,68.63213913122246,1.511266040618301,2.408090238212746
0,4.159055618630115,4.66142784009448,16.818126656091373,4.049911297835968,1.783647063782849
1,458.6162588053958,5.781046769919171,79.33174830939689,5.558330497979701,2.215198073538051
0,6.054937257765072,4.928707527725351,44.193152449531325,4.776874122092656,0.9797642041476461
1,629.1708732152738,11.341886025341271,55.47350494002462,10.760665707440703,2.042142943548892
1,433.79919109499724,6.649891951160194,65.23492342777887,6.342975009755109,2.1669565375165663
1,387.9091325055413,6.514232115933863,59.54795779219462,6.347676428546957,1.0976013682278778
1,404.9871314133282,5.179415116829207,78.19172134146494,5.123480545443987,0.6237755933269975
1,415.0543703187214,6.206055872372224,67.15385425076255,5.895898851472132,2.4222752097715783
1,417.5368188593221,5.263236953181046,79.39305497099132,5.040938362811587,2.4165658456492727
1,288.1498695500698,6.214653329432146,46.35403936965609,5.711588282607527,2.7201495843228574
0,0.0,4.330775734183119,9.687284485848433,3.7230430018388754,1.1952338943030223
1,343.42247671220196,4.792940097966937,71.66890261473262,4.556649402455186,2.5549341242690353
0,3.0453717516274237,4.790415020500949,33.136674252423944,4.229096453922648,2.9503673187952058
1,324.86484088182175,5.620280862053637,57.81052941702372,5.367789962533376,1.8769275176240776
0,0.0,3.3726990847542706,65.7500478262615,3.2891387995756456,1.175114881974707
1,338.8176345597126,4.691873084646511,72.21372540285567,4.6505035700882935,0.46418906285446293
0,0.0,3.159983964398396,30.748610010124075,2.79832499097053,2.6588885004978557
0,0.0,4.080934091352931,35.354714969826134,3.8821577695119345,1.2438115537137193
